This data was generated by SERVIR's ClimateSERV system (http://ClimateSERV.servirglobal.net/),
Date,Average_CHIRPS_Rainfall(mm/day)
1/1/2011, 0
1/2/2011, 0
1/3/2011, 0
1/4/2011, 0
1/5/2011, 0
1/6/2011, 0
1/7/2011, 0
1/8/2011, 0
1/9/2011, 0.5985013608579283
1/10/2011, 0.3684286046911169
1/11/2011, 0
1/12/2011, 0
1/13/2011, 0
1/14/2011, 0
1/15/2011, 0
1/16/2011, 0
1/17/2011, 0
1/18/2011, 0
1/19/2011, 0
1/20/2011, 0
1/21/2011, 0
1/22/2011, 0
1/23/2011, 0
1/24/2011, 0
1/25/2011, 0
1/26/2011, 0
1/27/2011, 0
1/28/2011, 0
1/29/2011, 0
1/30/2011, 0
1/31/2011, 0
2/1/2011, 0
2/2/2011, 0.07040193345811632
2/3/2011, 0.28292564109519674
2/4/2011, 0.22228226838288484
2/5/2011, 0
2/6/2011, 0
2/7/2011, 0
2/8/2011, 0
2/9/2011, 0
2/10/2011, 0
2/11/2011, 0
2/12/2011, 0
2/13/2011, 0
2/14/2011, 0
2/15/2011, 0
2/16/2011, 0
2/17/2011, 0
2/18/2011, 0
2/19/2011, 0
2/20/2011, 0
2/21/2011, 0
2/22/2011, 0
2/23/2011, 0.7970151548032407
2/24/2011, 0
2/25/2011, 0
2/26/2011, 0.8033846254701967
2/27/2011, 0
2/28/2011, 0
3/1/2011, 0
3/2/2011, 0
3/3/2011, 0
3/4/2011, 0
3/5/2011, 0
3/6/2011, 0
3/7/2011, 0
3/8/2011, 0
3/9/2011, 0
3/10/2011, 0
3/11/2011, 0
3/12/2011, 0
3/13/2011, 0
3/14/2011, 0
3/15/2011, 0
3/16/2011, 0
3/17/2011, 0
3/18/2011, 0
3/19/2011, 0
3/20/2011, 0
3/21/2011, 0
3/22/2011, 0
3/23/2011, 0
3/24/2011, 0
3/25/2011, 4.752738896122685
3/26/2011, 0.3646292509856047
3/27/2011, 0
3/28/2011, 0
3/29/2011, 0
3/30/2011, 0
3/31/2011, 0
4/1/2011, 0
4/2/2011, 0.7567682336877893
4/3/2011, 0.6583621554904514
4/4/2011, 0
4/5/2011, 0
4/6/2011, 0
4/7/2011, 0
4/8/2011, 0
4/9/2011, 0.08661366215458623
4/10/2011, 0
4/11/2011, 0
4/12/2011, 0
4/13/2011, 0
4/14/2011, 6.618409107349537
4/15/2011, 8.822319878472221
4/16/2011, 0.5460244637948496
4/17/2011, 0.21479889198585791
4/18/2011, 6.398539225260417
4/19/2011, 15.882401982060186
4/20/2011, 5.869492820457176
4/21/2011, 25.847229456018518
4/22/2011, 21.705078125
4/23/2011, 21.929215494791666
4/24/2011, 12.495259150752315
4/25/2011, 8.311155418113426
4/26/2011, 0.4432175812897859
4/27/2011, 0
4/28/2011, 9.137932219328704
4/29/2011, 12.33115867332176
4/30/2011, 8.629633246527778
5/1/2011, 5.882409215856481
5/2/2011, 2.152847629123264
5/3/2011, 20.937257667824074
5/4/2011, 6.611794704861111
5/5/2011, 4.813583260995371
5/6/2011, 0
5/7/2011, 0
5/8/2011, 0
5/9/2011, 0
5/10/2011, 0
5/11/2011, 0.007595090512876157
5/12/2011, 0.08517730854175709
5/13/2011, 2.5270302101417825
5/14/2011, 0.49333970811631944
5/15/2011, 0
5/16/2011, 1.0707430239076967
5/17/2011, 0.4440495243778935
5/18/2011, 2.298527244285301
5/19/2011, 15.444487847222222
5/20/2011, 13.054408094618056
5/21/2011, 0.16912412290219908
5/22/2011, 0
5/23/2011, 4.714882179542824
5/24/2011, 14.344436306423612
5/25/2011, 16.089724392361113
5/26/2011, 1.14631426775897
5/27/2011, 4.55414134837963
5/28/2011, 1.354074548791956
5/29/2011, 7.32553077980324
5/30/2011, 34.74040075231481
5/31/2011, 4.491449652777778
6/1/2011, 15.891813151041667
6/2/2011, 1.789334558557581
6/3/2011, 3.5330613878038193
6/4/2011, 1.9384080674913196
6/5/2011, 1.278658718532986
6/6/2011, 11.99960033275463
6/7/2011, 0
6/8/2011, 5.320981626157407
6/9/2011, 0.08179004104049117
6/10/2011, 0.09035694687454789
6/11/2011, 0.2134434735333478
6/12/2011, 0
6/13/2011, 0.025152914612381547
6/14/2011, 1.2207895914713542
6/15/2011, 0.25740379050925927
6/16/2011, 0.2543028089735243
6/17/2011, 1.318472855179398
6/18/2011, 0
6/19/2011, 0
6/20/2011, 0
6/21/2011, 0
6/22/2011, 0
6/23/2011, 0.029420464127152053
6/24/2011, 2.5706651475694446
6/25/2011, 10.401659252025462
6/26/2011, 0.3504429852520978
6/27/2011, 0
6/28/2011, 0
6/29/2011, 0
6/30/2011, 4.07610767505787
7/1/2011, 8.917520254629629
7/2/2011, 8.3060791015625
7/3/2011, 4.053656684027778
7/4/2011, 5.197402162905092
7/5/2011, 4.1169632523148145
7/6/2011, 0.7842657018590856
7/7/2011, 1.145814683702257
7/8/2011, 0.10667152404785156
7/9/2011, 5.198746744791666
7/10/2011, 0.04307383784541377
7/11/2011, 3.245419650607639
7/12/2011, 2.757307038483796
7/13/2011, 5.785352466724537
7/14/2011, 0.7688307020399305
7/15/2011, 0
7/16/2011, 3.324843343098958
7/17/2011, 0.04705926047431098
7/18/2011, 0.14883651733398437
7/19/2011, 0.0413633664449056
7/20/2011, 4.453770616319445
7/21/2011, 3.049359130859375
7/22/2011, 1.7731834129050925
7/23/2011, 1.1738706235532408
7/24/2011, 2.9968587239583333
7/25/2011, 5.136318630642361
7/26/2011, 6.046640805844907
7/27/2011, 0.6712565104166667
7/28/2011, 2.444169108072917
7/29/2011, 0.6417167946144386
7/30/2011, 1.171181685836227
7/31/2011, 0.23097319426359952
8/1/2011, 0.14030733461733216
8/2/2011, 4.4499692563657405
8/3/2011, 8.249262152777778
8/4/2011, 0.22788165057146992
8/5/2011, 4.508666087962963
8/6/2011, 3.226625343605324
8/7/2011, 0.24295456497757523
8/8/2011, 7.652716290509259
8/9/2011, 5.488523582175926
8/10/2011, 20.085498046875
8/11/2011, 16.164091435185185
8/12/2011, 0.8425226282190393
8/13/2011, 2.654954246238426
8/14/2011, 5.695768229166666
8/15/2011, 8.958018663194444
8/16/2011, 10.859123625578704
8/17/2011, 16.098741319444443
8/18/2011, 23.73566261574074
8/19/2011, 11.482275390625
8/20/2011, 10.39076244212963
8/21/2011, 14.612312825520833
8/22/2011, 3.832655617042824
8/23/2011, 11.477500180844908
8/24/2011, 17.996940104166665
8/25/2011, 11.900335467303242
8/26/2011, 7.674616608796296
8/27/2011, 4.058641221788195
8/28/2011, 0
8/29/2011, 0.19113026371708622
8/30/2011, 0.36218193901909723
8/31/2011, 2.2131037959346065
9/1/2011, 12.699244068287037
9/2/2011, 7.306787561487268
9/3/2011, 1.733497111002604
9/4/2011, 12.076517288773148
9/5/2011, 7.620497866030092
9/6/2011, 5.112907805266204
9/7/2011, 0.7814938015407986
9/8/2011, 2.527751781322338
9/9/2011, 4.014145688657408
9/10/2011, 6.869121184172454
9/11/2011, 10.497419343171297
9/12/2011, 11.551334635416667
9/13/2011, 10.35320095486111
9/14/2011, 11.9610595703125
9/15/2011, 7.80594798900463
9/16/2011, 0.16219072695131656
9/17/2011, 1.541134982638889
9/18/2011, 0.09602661839237919
9/19/2011, 21.954645905671295
9/20/2011, 21.297659866898147
9/21/2011, 0.1331422593858507
9/22/2011, 0
9/23/2011, 0.027659603401466653
9/24/2011, 0
9/25/2011, 2.900009494357639
9/26/2011, 3.102018681278935
9/27/2011, 1.5115536159939236
9/28/2011, 1.014017175745081
9/29/2011, 0.2655293217411748
9/30/2011, 9.426221607349538
10/1/2011, 2.818903266059028
10/2/2011, 3.128417064525463
10/3/2011, 8.146471715856482
10/4/2011, 0
10/5/2011, 0
10/6/2011, 1.7991434733072917
10/7/2011, 10.451030815972222
10/8/2011, 3.641731770833333
10/9/2011, 17.618976056134258
10/10/2011, 10.326225224247684
10/11/2011, 16.01120334201389
10/12/2011, 26.457957175925927
10/13/2011, 7.980619755497685
10/14/2011, 7.1986513491030095
10/15/2011, 12.625507269965278
10/16/2011, 6.278053566261574
10/17/2011, 1.688069435402199
10/18/2011, 0
10/19/2011, 4.333684624565972
10/20/2011, 9.052004665798611
10/21/2011, 11.460517035590279
10/22/2011, 1.4878632722077547
10/23/2011, 12.42682201244213
10/24/2011, 15.44247142650463
10/25/2011, 16.90675636574074
10/26/2011, 0.6235117029260706
10/27/2011, 9.548778392650464
10/28/2011, 5.906667751736111
10/29/2011, 12.694124348958333
10/30/2011, 0.5353555184823495
10/31/2011, 1.2242491545500578
11/1/2011, 11.693507667824074
11/2/2011, 12.318750904224537
11/3/2011, 7.88299244068287
11/4/2011, 12.31455982349537
11/5/2011, 10.252560763888889
11/6/2011, 1.044233873155382
11/7/2011, 0.024974612836484555
11/8/2011, 0
11/9/2011, 0
11/10/2011, 0
11/11/2011, 0
11/12/2011, 0
11/13/2011, 0
11/14/2011, 0
11/15/2011, 0
11/16/2011, 0
11/17/2011, 0
11/18/2011, 0
11/19/2011, 0
11/20/2011, 0
11/21/2011, 2.7187468352141204
11/22/2011, 0
11/23/2011, 0
11/24/2011, 1.0309495713975694
11/25/2011, 23.116234447337963
11/26/2011, 27.26641529224537
11/27/2011, 1.3368768762659144
11/28/2011, 0.47340864958586515
11/29/2011, 0
11/30/2011, 0.642882905183015
12/1/2011, 0.10890436525698062
12/2/2011, 0.2006283512821904
12/3/2011, 0
12/4/2011, 0
12/5/2011, 0
12/6/2011, 0
12/7/2011, 0
12/8/2011, 0
12/9/2011, 0
12/10/2011, 0
12/11/2011, 0
12/12/2011, 0
12/13/2011, 0
12/14/2011, 0
12/15/2011, 0
12/16/2011, 0
12/17/2011, 0
12/18/2011, 0.07648310484709563
12/19/2011, 1.2660738344545717
12/20/2011, 2.685152859157986
12/21/2011, 0
12/22/2011, 0.20161703604239004
12/23/2011, 0.042896895938449434
12/24/2011, 0
12/25/2011, 0
12/26/2011, 0
12/27/2011, 4.056214283130787
12/28/2011, 1.2259909170645256
12/29/2011, 2.055163348162616
12/30/2011, 10.080342158564815
12/31/2011, 0.16174916867856626
1/1/2012, 0
1/2/2012, 0
1/3/2012, 0
1/4/2012, 0
1/5/2012, 0.2945245248300058
1/6/2012, 0.09201880560980903
1/7/2012, 0.11619935212311922
1/8/2012, 0
1/9/2012, 0
1/10/2012, 0
1/11/2012, 0
1/12/2012, 0
1/13/2012, 0
1/14/2012, 0
1/15/2012, 0
1/16/2012, 0
1/17/2012, 0
1/18/2012, 0
1/19/2012, 0
1/20/2012, 0
1/21/2012, 0
1/22/2012, 0
1/23/2012, 0.19902011730052807
1/24/2012, 0
1/25/2012, 0
1/26/2012, 0
1/27/2012, 0
1/28/2012, 0
1/29/2012, 0
1/30/2012, 0
1/31/2012, 0
2/1/2012, 0
2/2/2012, 0
2/3/2012, 0
2/4/2012, 0
2/5/2012, 0
2/6/2012, 0
2/7/2012, 0
2/8/2012, 0
2/9/2012, 0.0014674217612655074
2/10/2012, 0
2/11/2012, 1.3808855975115741
2/12/2012, 0
2/13/2012, 0
2/14/2012, 0
2/15/2012, 0
2/16/2012, 0
2/17/2012, 0
2/18/2012, 0
2/19/2012, 0
2/20/2012, 0
2/21/2012, 0
2/22/2012, 0.08765766002513745
2/23/2012, 3.5367650915075233
2/24/2012, 0
2/25/2012, 0.032173411051432295
2/26/2012, 0
2/27/2012, 0
2/28/2012, 0
2/29/2012, 0
3/1/2012, 0
3/2/2012, 0
3/3/2012, 0
3/4/2012, 0
3/5/2012, 0
3/6/2012, 0
3/7/2012, 0
3/8/2012, 0
3/9/2012, 0
3/10/2012, 0
3/11/2012, 0
3/12/2012, 1.3312228732638889
3/13/2012, 1.8026500560619212
3/14/2012, 0
3/15/2012, 0
3/16/2012, 0
3/17/2012, 0
3/18/2012, 0
3/19/2012, 0
3/20/2012, 0
3/21/2012, 0
3/22/2012, 0
3/23/2012, 0
3/24/2012, 0
3/25/2012, 0
3/26/2012, 0
3/27/2012, 0
3/28/2012, 0.12157205652307582
3/29/2012, 0
3/30/2012, 0
3/31/2012, 0.42478225142867476
4/1/2012, 0.14564146818938078
4/2/2012, 0
4/3/2012, 0
4/4/2012, 0
4/5/2012, 0.8992369475188079
4/6/2012, 1.1260158962673612
4/7/2012, 1.7596711335358797
4/8/2012, 0.9332150494610821
4/9/2012, 1.1035194679542824
4/10/2012, 0.8173744484230324
4/11/2012, 0.5167483859592014
4/12/2012, 0.10408086423520689
4/13/2012, 0
4/14/2012, 0
4/15/2012, 0
4/16/2012, 1.702872269241898
4/17/2012, 4.799110243055556
4/18/2012, 3.2251582392939815
4/19/2012, 0.005350507630242242
4/20/2012, 0.05349177254570855
4/21/2012, 0.026291875486020688
4/22/2012, 3.619717972366898
4/23/2012, 7.346632667824074
4/24/2012, 11.023415798611111
4/25/2012, 13.529451497395833
4/26/2012, 5.108437319155093
4/27/2012, 8.618569155092592
4/28/2012, 1.751607824254919
4/29/2012, 7.406600839120371
4/30/2012, 9.723578559027779
5/1/2012, 14.567702907986112
5/2/2012, 11.523173466435185
5/3/2012, 2.55432287145544
5/4/2012, 2.962677001953125
5/5/2012, 1.9062820999710648
5/6/2012, 2.0016257957175925
5/7/2012, 0.3433446248372396
5/8/2012, 10.328181061921295
5/9/2012, 1.8467777958622684
5/10/2012, 16.903200954861113
5/11/2012, 11.83578197337963
5/12/2012, 9.828179253472221
5/13/2012, 10.781816044560186
5/14/2012, 12.267630570023147
5/15/2012, 13.858851453993056
5/16/2012, 3.1950217918113424
5/17/2012, 5.32742286964699
5/18/2012, 6.652497920283565
5/19/2012, 2.5235356083622684
5/20/2012, 4.958154296875
5/21/2012, 8.728517433449074
5/22/2012, 0.7529596399377894
5/23/2012, 1.3689973054108797
5/24/2012, 0
5/25/2012, 0
5/26/2012, 0
5/27/2012, 0
5/28/2012, 2.2510552300347224
5/29/2012, 0
5/30/2012, 0.11003291518599899
5/31/2012, 1.7409566243489583
6/1/2012, 0.16400847258391205
6/2/2012, 0.08436817593044704
6/3/2012, 0.9378847475405092
6/4/2012, 0.2755413479275174
6/5/2012, 0
6/6/2012, 0.029933159439652055
6/7/2012, 2.3351114908854167
6/8/2012, 1.5529536494502314
6/9/2012, 1.3976218894675927
6/10/2012, 3.271272334346065
6/11/2012, 0.01838288837009006
6/12/2012, 0
6/13/2012, 8.597572157118055
6/14/2012, 0.6873998006184896
6/15/2012, 0.22194288748281973
6/16/2012, 4.51700755931713
6/17/2012, 9.722130895543982
6/18/2012, 5.8510986328125
6/19/2012, 0.08885245146574798
6/20/2012, 0.10195528666178386
6/21/2012, 1.030911706995081
6/22/2012, 3.7644926848234954
6/23/2012, 0
6/24/2012, 0
6/25/2012, 3.3468334056712963
6/26/2012, 5.946755642361111
6/27/2012, 3.386126482928241
6/28/2012, 2.117981861255787
6/29/2012, 0
6/30/2012, 0
7/1/2012, 1.873552562572338
7/2/2012, 3.3589859573929397
7/3/2012, 0.008517478130481862
7/4/2012, 0
7/5/2012, 0
7/6/2012, 0
7/7/2012, 5.399735062210648
7/8/2012, 0.38515469586407697
7/9/2012, 7.191742621527778
7/10/2012, 6.647799117476852
7/11/2012, 0.07482653723822699
7/12/2012, 0.20070283677842882
7/13/2012, 14.885096571180556
7/14/2012, 12.829984085648148
7/15/2012, 7.427639431423611
7/16/2012, 1.8700969554759839
7/17/2012, 7.080045120804398
7/18/2012, 6.640582501446759
7/19/2012, 0.5251967818648727
7/20/2012, 1.677457004123264
7/21/2012, 1.991481978804977
7/22/2012, 0.5232854772497106
7/23/2012, 0.006456524354440195
7/24/2012, 0
7/25/2012, 2.6988321940104165
7/26/2012, 5.441342502170139
7/27/2012, 2.6121265552662036
7/28/2012, 2.031812427662037
7/29/2012, 0
7/30/2012, 0.8124664306640625
7/31/2012, 5.720122612847222
8/1/2012, 8.200963903356481
8/2/2012, 0
8/3/2012, 0.1264051225450304
8/4/2012, 0.016596269607543946
8/5/2012, 3.4518235948350693
8/6/2012, 6.845871762876158
8/7/2012, 0.34497929325810184
8/8/2012, 12.016115089699074
8/9/2012, 1.9671628598813657
8/10/2012, 11.222375940393519
8/11/2012, 13.135159866898148
8/12/2012, 1.9308629918981481
8/13/2012, 4.594163230613426
8/14/2012, 11.735651765046295
8/15/2012, 3.8647904007523146
8/16/2012, 12.570053891782408
8/17/2012, 5.641535554108796
8/18/2012, 0.5704097606517651
8/19/2012, 0.014161894939563893
8/20/2012, 0
8/21/2012, 14.05581958912037
8/22/2012, 10.329645905671295
8/23/2012, 10.262301070601852
8/24/2012, 12.832840530960649
8/25/2012, 21.125652850115742
8/26/2012, 15.704361979166666
8/27/2012, 8.088100405092593
8/28/2012, 2.509233714916088
8/29/2012, 14.56094021267361
8/30/2012, 12.3852783203125
8/31/2012, 0.5286738077799479
9/1/2012, 0.022239617948178893
9/2/2012, 3.5216084798177083
9/3/2012, 10.952404333043981
9/4/2012, 0.4032389322916667
9/5/2012, 0.6516500967520255
9/6/2012, 3.904933449074074
9/7/2012, 2.7793793854890048
9/8/2012, 8.371008752893518
9/9/2012, 4.749701605902778
9/10/2012, 1.277398568612558
9/11/2012, 1.6012773301866319
9/12/2012, 0.3358115584762008
9/13/2012, 4.252392578125
9/14/2012, 2.9375309696903935
9/15/2012, 7.135758463541666
9/16/2012, 0
9/17/2012, 0.04744884349681713
9/18/2012, 2.9948594835069446
9/19/2012, 0.22913636101616752
9/20/2012, 0.2949939869068287
9/21/2012, 0.036073433911358865
9/22/2012, 1.6906210440176506
9/23/2012, 1.2267240171079283
9/24/2012, 0.018921696698224102
9/25/2012, 0.12607455783420138
9/26/2012, 8.580466941550926
9/27/2012, 7.5463677300347225
9/28/2012, 5.91876537181713
9/29/2012, 1.2024503354673033
9/30/2012, 10.654170283564815
10/1/2012, 2.646732132523148
10/2/2012, 0.08987525657371238
10/3/2012, 0
10/4/2012, 0
10/5/2012, 0
10/6/2012, 4.441042299623843
10/7/2012, 17.208575665509258
10/8/2012, 9.42782298900463
10/9/2012, 1.8021985089337385
10/10/2012, 0
10/11/2012, 0.8039138793945313
10/12/2012, 9.794505931712964
10/13/2012, 11.86873191550926
10/14/2012, 24.535474537037036
10/15/2012, 13.913273111979167
10/16/2012, 4.924046947337963
10/17/2012, 0.9695363362630208
10/18/2012, 2.51480554651331
10/19/2012, 16.768746383101853
10/20/2012, 21.193742766203705
10/21/2012, 8.062834563078704
10/22/2012, 3.130061622902199
10/23/2012, 15.093712022569445
10/24/2012, 8.790098741319444
10/25/2012, 3.5504652235243057
10/26/2012, 0.1861776281286169
10/27/2012, 0.027141284942626954
10/28/2012, 0.617295159233941
10/29/2012, 11.148070384837963
10/30/2012, 26.916959635416667
10/31/2012, 33.82316261574074
11/1/2012, 4.328559932002315
11/2/2012, 0.04719477759467231
11/3/2012, 1.4414015028211806
11/4/2012, 0.18186988830566406
11/5/2012, 0.5270994398328993
11/6/2012, 0.31013864587854456
11/7/2012, 0.6009986029730903
11/8/2012, 1.053717945240162
11/9/2012, 0.0484240108066135
11/10/2012, 0
11/11/2012, 0.010266602480853046
11/12/2012, 0
11/13/2012, 0
11/14/2012, 0
11/15/2012, 0
11/16/2012, 0
11/17/2012, 0
11/18/2012, 0
11/19/2012, 0
11/20/2012, 0
11/21/2012, 0
11/22/2012, 0.6640127676504629
11/23/2012, 19.0453125
11/24/2012, 0.40223473442925345
11/25/2012, 0.07429797561080367
11/26/2012, 0
11/27/2012, 0
11/28/2012, 0
11/29/2012, 0
11/30/2012, 4.127917932581019
12/1/2012, 0
12/2/2012, 0
12/3/2012, 0.02108960681491428
12/4/2012, 0.6197016963252315
12/5/2012, 0
12/6/2012, 0
12/7/2012, 0
12/8/2012, 0
12/9/2012, 0
12/10/2012, 0
12/11/2012, 0
12/12/2012, 0
12/13/2012, 0
12/14/2012, 0
12/15/2012, 0
12/16/2012, 6.110536928530093
12/17/2012, 4.414168746383102
12/18/2012, 2.9044365776909724
12/19/2012, 0.07243395204897281
12/20/2012, 0
12/21/2012, 0
12/22/2012, 0.014105902777777778
12/23/2012, 0.08641816598397714
12/24/2012, 0
12/25/2012, 0
12/26/2012, 0
12/27/2012, 4.225583676938657
12/28/2012, 7.202480287905092
12/29/2012, 0
12/30/2012, 0
12/31/2012, 0
1/1/2013, 0
1/2/2013, 0
1/3/2013, 0
1/4/2013, 0
1/5/2013, 0
1/6/2013, 0
1/7/2013, 0
1/8/2013, 0.4010778921621817
1/9/2013, 0.5330481635199653
1/10/2013, 0
1/11/2013, 0
1/12/2013, 0
1/13/2013, 0
1/14/2013, 0
1/15/2013, 0
1/16/2013, 0
1/17/2013, 0
1/18/2013, 0
1/19/2013, 0
1/20/2013, 0
1/21/2013, 0
1/22/2013, 0
1/23/2013, 0
1/24/2013, 0
1/25/2013, 0
1/26/2013, 0
1/27/2013, 0
1/28/2013, 0
1/29/2013, 0
1/30/2013, 0
1/31/2013, 0
2/1/2013, 0
2/2/2013, 0
2/3/2013, 0
2/4/2013, 0
2/5/2013, 0
2/6/2013, 0
2/7/2013, 0
2/8/2013, 0
2/9/2013, 0
2/10/2013, 0
2/11/2013, 0
2/12/2013, 0
2/13/2013, 0
2/14/2013, 0.021498616536458334
2/15/2013, 0
2/16/2013, 0
2/17/2013, 6.090848795572916
2/18/2013, 1.9902312102141204
2/19/2013, 0.16974302221227575
2/20/2013, 0
2/21/2013, 0
2/22/2013, 0
2/23/2013, 0
2/24/2013, 0
2/25/2013, 0
2/26/2013, 0
2/27/2013, 0
2/28/2013, 0
3/1/2013, 0
3/2/2013, 0
3/3/2013, 0
3/4/2013, 0.21733885871039496
3/5/2013, 0.018375142415364584
3/6/2013, 0.059768048039189094
3/7/2013, 0.22006968745478878
3/8/2013, 0.06249327483000579
3/9/2013, 0.06182531427454065
3/10/2013, 0
3/11/2013, 2.33149730541088
3/12/2013, 0
3/13/2013, 0
3/14/2013, 0
3/15/2013, 0
3/16/2013, 0.14388008117675782
3/17/2013, 0
3/18/2013, 0.6602167200159144
3/19/2013, 0
3/20/2013, 0.06811032471833406
3/21/2013, 0.40545835141782405
3/22/2013, 0
3/23/2013, 0
3/24/2013, 0
3/25/2013, 0.061400816175672744
3/26/2013, 4.025181297019676
3/27/2013, 1.223311925817419
3/28/2013, 0
3/29/2013, 0.05765720296789099
3/30/2013, 0.8846750330041956
3/31/2013, 3.34654699254919
4/1/2013, 0.26907710322627315
4/2/2013, 3.2529091163917823
4/3/2013, 1.0645955403645833
4/4/2013, 0
4/5/2013, 6.132477936921297
4/6/2013, 1.3561498571325232
4/7/2013, 2.034458640769676
4/8/2013, 0.0046147381817853005
4/9/2013, 0
4/10/2013, 0
4/11/2013, 0
4/12/2013, 0
4/13/2013, 0
4/14/2013, 0.8030589350947628
4/15/2013, 5.623690230758102
4/16/2013, 0
4/17/2013, 0
4/18/2013, 0.054814006664134836
4/19/2013, 0
4/20/2013, 0
4/21/2013, 0
4/22/2013, 0.4123436821831597
4/23/2013, 4.9668140552662035
4/24/2013, 3.9859266493055556
4/25/2013, 1.5929294162326388
4/26/2013, 0.7515429461443865
4/27/2013, 0.32924202813042536
4/28/2013, 8.106400101273149
4/29/2013, 2.395854130497685
4/30/2013, 0
5/1/2013, 0
5/2/2013, 1.7915197301793981
5/3/2013, 7.7040409794560185
5/4/2013, 4.637138762297454
5/5/2013, 0.6731395580150463
5/6/2013, 10.53038013599537
5/7/2013, 1.0293688738787616
5/8/2013, 1.6011181866681135
5/9/2013, 3.9613489221643516
5/10/2013, 5.020380316840278
5/11/2013, 6.545749240451389
5/12/2013, 1.9101874457465278
5/13/2013, 11.56566749855324
5/14/2013, 0.23596214011863426
5/15/2013, 0.07834015599003545
5/16/2013, 0
5/17/2013, 0.17962385106969764
5/18/2013, 0.34754952324761285
5/19/2013, 5.228308557581019
5/20/2013, 11.766966869212963
5/21/2013, 0.07046344191939742
5/22/2013, 19.43460105613426
5/23/2013, 0.005070186544347693
5/24/2013, 0.18116125883879486
5/25/2013, 2.7251564308449074
5/26/2013, 4.151706271701389
5/27/2013, 16.91188693576389
5/28/2013, 17.07704173900463
5/29/2013, 1.081554271556713
5/30/2013, 8.32026095920139
5/31/2013, 9.446502459490741
6/1/2013, 4.843862123842593
6/2/2013, 0.1068857334278248
6/3/2013, 0.14726342095269096
6/4/2013, 0
6/5/2013, 0.6859076605902777
6/6/2013, 6.4922675238715275
6/7/2013, 3.897521068431713
6/8/2013, 4.832326931423611
6/9/2013, 0.8515676427770544
6/10/2013, 3.7387568721064817
6/11/2013, 3.011110885054977
6/12/2013, 9.22713035300926
6/13/2013, 2.557520435474537
6/14/2013, 0.5859208283600984
6/15/2013, 0.10008173342104311
6/16/2013, 0.22922959504304108
6/17/2013, 0.016604110929701064
6/18/2013, 0.7855157922815393
6/19/2013, 2.458619972511574
6/20/2013, 0.4895602190936053
6/21/2013, 1.6377434624565972
6/22/2013, 6.120228407118056
6/23/2013, 0.30315060085720485
6/24/2013, 3.494754593460648
6/25/2013, 5.251127115885416
6/26/2013, 2.218568702980324
6/27/2013, 9.534281864872685
6/28/2013, 9.18584255642361
6/29/2013, 7.385748969184028
6/30/2013, 2.1975118001302083
7/1/2013, 0.3098672937463831
7/2/2013, 0.15053737781665943
7/3/2013, 0.9159326058846933
7/4/2013, 0.688828870985243
7/5/2013, 6.54272144458912
7/6/2013, 0.8809052643952546
7/7/2013, 4.391426595052083
7/8/2013, 0.8430186518916377
7/9/2013, 3.188901095920139
7/10/2013, 8.820062934027778
7/11/2013, 4.819571487991898
7/12/2013, 1.0155662254050926
7/13/2013, 1.227907081886574
7/14/2013, 0.3229974252206308
7/15/2013, 5.877404333043981
7/16/2013, 9.488780381944444
7/17/2013, 7.658119936342593
7/18/2013, 3.1212651005497687
7/19/2013, 3.1220617223668983
7/20/2013, 1.7036763509114583
7/21/2013, 1.1354363335503472
7/22/2013, 2.958946849681713
7/23/2013, 1.2858926278573495
7/24/2013, 0.027709081437852646
7/25/2013, 0
7/26/2013, 0
7/27/2013, 0
7/28/2013, 0
7/29/2013, 0.02793222533331977
7/30/2013, 0.13872398093894675
7/31/2013, 4.78296214916088
8/1/2013, 1.5078531901041667
8/2/2013, 0.042662383891918045
8/3/2013, 0.8728288438585069
8/4/2013, 5.085281937210648
8/5/2013, 14.062826425057871
8/6/2013, 2.504522931134259
8/7/2013, 0.03382556350142867
8/8/2013, 5.307543041087963
8/9/2013, 15.952052589699074
8/10/2013, 11.383786349826389
8/11/2013, 8.150427698206018
8/12/2013, 3.8525490089699073
8/13/2013, 10.620936414930556
8/14/2013, 2.2738755967881943
8/15/2013, 10.08778392650463
8/16/2013, 7.308926504629629
8/17/2013, 10.470227502893518
8/18/2013, 1.709611228660301
8/19/2013, 0
8/20/2013, 0
8/21/2013, 0
8/22/2013, 0
8/23/2013, 0.07300854435673466
8/24/2013, 0.32715620817961516
8/25/2013, 1.7367049605758103
8/26/2013, 2.4203925238715276
8/27/2013, 0.2250321564850984
8/28/2013, 10.244773582175926
8/29/2013, 10.988449435763888
8/30/2013, 2.4739375361689815
8/31/2013, 3.9721227575231484
9/1/2013, 3.952418800636574
9/2/2013, 8.685862449363427
9/3/2013, 12.135432038483795
9/4/2013, 8.078616898148148
9/5/2013, 10.424614800347221
9/6/2013, 14.883229347511573
9/7/2013, 15.565769675925926
9/8/2013, 11.861782045717593
9/9/2013, 5.844549334490741
9/10/2013, 0.9728382251880787
9/11/2013, 14.11053421585648
9/12/2013, 12.835261140046295
9/13/2013, 11.439972149884259
9/14/2013, 10.726689995659722
9/15/2013, 3.8079020182291665
9/16/2013, 3.518851047092014
9/17/2013, 8.472832573784721
9/18/2013, 3.3382328739872684
9/19/2013, 1.2615008318865741
9/20/2013, 1.620535843460648
9/21/2013, 2.5051570185908565
9/22/2013, 0
9/23/2013, 0
9/24/2013, 0
9/25/2013, 0.6286112467447916
9/26/2013, 0.01664433479309082
9/27/2013, 0
9/28/2013, 5.297517903645834
9/29/2013, 1.4803441930700232
9/30/2013, 3.6351987485532407
10/1/2013, 0.0974460107308847
10/2/2013, 4.125920048466435
10/3/2013, 14.283512369791667
10/4/2013, 0
10/5/2013, 0
10/6/2013, 1.1944520173249422
10/7/2013, 15.523101128472222
10/8/2013, 22.07505787037037
10/9/2013, 11.695506908275464
10/10/2013, 1.4282971417462385
10/11/2013, 0
10/12/2013, 0.19823282029893663
10/13/2013, 0.2903785705566406
10/14/2013, 0.8706766199182581
10/15/2013, 10.97181712962963
10/16/2013, 7.274045138888889
10/17/2013, 1.2999915228949652
10/18/2013, 0.8159014666521991
10/19/2013, 8.687642867476852
10/20/2013, 15.809635416666667
10/21/2013, 7.609597439236111
10/22/2013, 3.0957779495804396
10/23/2013, 4.665168366608796
10/24/2013, 11.077671079282407
10/25/2013, 7.714992042824074
10/26/2013, 1.3301327175564237
10/27/2013, 0.25100120261863423
10/28/2013, 1.0216931378399885
10/29/2013, 0.1936100712528935
10/30/2013, 0.027967248139558015
10/31/2013, 0
11/1/2013, 2.3494644730179397
11/2/2013, 6.413485604745371
11/3/2013, 5.1732666015625
11/4/2013, 5.557774070457176
11/5/2013, 0.3239644368489583
11/6/2013, 0
11/7/2013, 0
11/8/2013, 0
11/9/2013, 0
11/10/2013, 0
11/11/2013, 0
11/12/2013, 0
11/13/2013, 1.357252785011574
11/14/2013, 0
11/15/2013, 0
11/16/2013, 39.83562644675926
11/17/2013, 0
11/18/2013, 5.7442012080439815
11/19/2013, 0
11/20/2013, 0
11/21/2013, 0
11/22/2013, 0
11/23/2013, 0.46967490867332173
11/24/2013, 1.242827464916088
11/25/2013, 0
11/26/2013, 0
11/27/2013, 0
11/28/2013, 0
11/29/2013, 0
11/30/2013, 0.6240617540147569
12/1/2013, 8.218518518518518
12/2/2013, 0.456163646556713
12/3/2013, 0
12/4/2013, 0
12/5/2013, 0
12/6/2013, 0
12/7/2013, 1.0698276095920138
12/8/2013, 0.27326956854926215
12/9/2013, 0
12/10/2013, 0
12/11/2013, 0
12/12/2013, 0
12/13/2013, 0
12/14/2013, 0
12/15/2013, 0
12/16/2013, 0
12/17/2013, 0
12/18/2013, 0
12/19/2013, 0
12/20/2013, 0
12/21/2013, 0
12/22/2013, 0
12/23/2013, 0
12/24/2013, 0
12/25/2013, 0
12/26/2013, 0
12/27/2013, 0
12/28/2013, 0
12/29/2013, 0
12/30/2013, 0
12/31/2013, 0
1/1/2014, 0
1/2/2014, 0
1/3/2014, 0
1/4/2014, 0
1/5/2014, 0
1/6/2014, 0
1/7/2014, 0
1/8/2014, 0
1/9/2014, 0
1/10/2014, 0
1/11/2014, 0
1/12/2014, 0
1/13/2014, 0
1/14/2014, 0
1/15/2014, 0
1/16/2014, 0
1/17/2014, 0
1/18/2014, 0
1/19/2014, 0
1/20/2014, 0
1/21/2014, 0
1/22/2014, 0
1/23/2014, 0
1/24/2014, 0
1/25/2014, 0
1/26/2014, 0
1/27/2014, 0
1/28/2014, 0
1/29/2014, 0
1/30/2014, 0
1/31/2014, 0
2/1/2014, 0
2/2/2014, 0
2/3/2014, 0
2/4/2014, 0
2/5/2014, 0
2/6/2014, 0
2/7/2014, 0
2/8/2014, 0
2/9/2014, 0
2/10/2014, 0
2/11/2014, 0
2/12/2014, 0
2/13/2014, 0
2/14/2014, 0
2/15/2014, 0
2/16/2014, 0
2/17/2014, 0
2/18/2014, 0
2/19/2014, 0
2/20/2014, 0
2/21/2014, 0
2/22/2014, 0
2/23/2014, 0
2/24/2014, 0
2/25/2014, 0
2/26/2014, 0
2/27/2014, 0
2/28/2014, 0
3/1/2014, 0.303395758734809
3/2/2014, 0.1940750828495732
3/3/2014, 0
3/4/2014, 0
3/5/2014, 0
3/6/2014, 0
3/7/2014, 1.1384474012586805
3/8/2014, 0
3/9/2014, 0.30098198784722224
3/10/2014, 0
3/11/2014, 0
3/12/2014, 0
3/13/2014, 0
3/14/2014, 0
3/15/2014, 0
3/16/2014, 0
3/17/2014, 0
3/18/2014, 0
3/19/2014, 0
3/20/2014, 0
3/21/2014, 0
3/22/2014, 0
3/23/2014, 0
3/24/2014, 0
3/25/2014, 0
3/26/2014, 0
3/27/2014, 0
3/28/2014, 1.1130246762876157
3/29/2014, 0
3/30/2014, 0
3/31/2014, 0
4/1/2014, 0
4/2/2014, 0.05543982187906901
4/3/2014, 0.2946873982747396
4/4/2014, 0
4/5/2014, 0
4/6/2014, 0
4/7/2014, 0
4/8/2014, 1.5200521963614004
4/9/2014, 0
4/10/2014, 0.1280724984628183
4/11/2014, 0.12086060135452836
4/12/2014, 2.772588207103588
4/13/2014, 0.01603647161413122
4/14/2014, 0.6372505470558449
4/15/2014, 0.8194765444155092
4/16/2014, 0.23545502556694878
4/17/2014, 1.731605699327257
4/18/2014, 4.363832374855324
4/19/2014, 1.05027013708044
4/20/2014, 0.013791690932379828
4/21/2014, 0
4/22/2014, 0.06009820302327474
4/23/2014, 0.053591685824924046
4/24/2014, 0.023373642674198856
4/25/2014, 0.045878060658772785
4/26/2014, 1.4283205385561342
4/27/2014, 1.2473120795355903
4/28/2014, 1.1442786322699652
4/29/2014, 0.31455261795609085
4/30/2014, 6.085617404513889
5/1/2014, 5.4592041015625
5/2/2014, 3.490556731047454
5/3/2014, 1.3528610794632523
5/4/2014, 1.3028435601128472
5/5/2014, 5.00766013816551
5/6/2014, 19.501777705439814
5/7/2014, 20.583968098958334
5/8/2014, 6.471052607783565
5/9/2014, 2.033296260127315
5/10/2014, 6.1589563440393515
5/11/2014, 5.343967466001158
5/12/2014, 5.049101200810185
5/13/2014, 0.09640096735071253
5/14/2014, 0.9966498480902778
5/15/2014, 1.108120162398727
5/16/2014, 0
5/17/2014, 1.8347841616030092
5/18/2014, 0.15205225061487268
5/19/2014, 0.28382217972366897
5/20/2014, 10.560470920138888
5/21/2014, 8.001953125
5/22/2014, 6.378181514033565
5/23/2014, 12.158973524305555
5/24/2014, 7.385726363570602
5/25/2014, 0.047040088088424116
5/26/2014, 11.160790111400463
5/27/2014, 14.323381438078703
5/28/2014, 10.836395037615741
5/29/2014, 12.007170500578704
5/30/2014, 4.193568250868055
5/31/2014, 7.062363462094908
6/1/2014, 0
6/2/2014, 16.795292607060187
6/3/2014, 4.288057454427084
6/4/2014, 3.144157805266204
6/5/2014, 15.881069155092593
6/6/2014, 7.850845449942129
6/7/2014, 0
6/8/2014, 0.06731241014268663
6/9/2014, 1.8358054832175925
6/10/2014, 0.03789409354881004
6/11/2014, 0
6/12/2014, 1.6628361454716436
6/13/2014, 0.36336441040039064
6/14/2014, 0.004649184809790717
6/15/2014, 0
6/16/2014, 0
6/17/2014, 0.0023662931389278837
6/18/2014, 0.1482039698848018
6/19/2014, 0.1875422442400897
6/20/2014, 2.1275395146122684
6/21/2014, 1.0160184507016783
6/22/2014, 0.8535349527994792
6/23/2014, 0
6/24/2014, 0
6/25/2014, 0.35175933837890627
6/26/2014, 0.1828637158429181
6/27/2014, 6.571373155381944
6/28/2014, 6.730417209201389
6/29/2014, 12.387405960648149
6/30/2014, 12.261664496527779
7/1/2014, 5.739793565538195
7/2/2014, 0.47772883662471066
7/3/2014, 0
7/4/2014, 0.15051003915292246
7/5/2014, 5.4766063548900465
7/6/2014, 2.0136551468460646
7/7/2014, 2.3861124674479166
7/8/2014, 0.016386853324042425
7/9/2014, 3.941997612847222
7/10/2014, 2.2681502730758103
7/11/2014, 0.012236316115767868
7/12/2014, 1.6146185980902779
7/13/2014, 1.7623172336154513
7/14/2014, 0.6495437056929977
7/15/2014, 3.17091380931713
7/16/2014, 0.013742847795839662
7/17/2014, 0
7/18/2014, 0.03480746657760055
7/19/2014, 0.29047221431025755
7/20/2014, 0.021242350119131583
7/21/2014, 0.3090652183250145
7/22/2014, 0
7/23/2014, 0.262030679208261
7/24/2014, 0
7/25/2014, 0.5048363579644097
7/26/2014, 3.2405714246961805
7/27/2014, 5.849341272424769
7/28/2014, 6.792873354311342
7/29/2014, 0.04731534322102864
7/30/2014, 0
7/31/2014, 0
8/1/2014, 2.204381646050347
8/2/2014, 3.227168556495949
8/3/2014, 3.7950254087094906
8/4/2014, 5.531853117766204
8/5/2014, 1.2296951859085647
8/6/2014, 1.9073701081452545
8/7/2014, 0.7734683566623264
8/8/2014, 7.51851490162037
8/9/2014, 8.243316876446759
8/10/2014, 3.259376808449074
8/11/2014, 7.574842212818287
8/12/2014, 3.6222943341290508
8/13/2014, 1.5115715874565971
8/14/2014, 2.5086778428819443
8/15/2014, 7.231249547887732
8/16/2014, 15.745288990162036
8/17/2014, 12.275647424768518
8/18/2014, 16.060141782407406
8/19/2014, 0.18083982114438657
8/20/2014, 3.2920059769241896
8/21/2014, 1.4415364583333334
8/22/2014, 4.237924985532407
8/23/2014, 18.03527199074074
8/24/2014, 11.696692346643518
8/25/2014, 6.531299280237269
8/26/2014, 5.8853967737268515
8/27/2014, 17.56261212384259
8/28/2014, 0.5577278984917535
8/29/2014, 0
8/30/2014, 0.00670735791877464
8/31/2014, 2.3465049461082175
9/1/2014, 0.9238637288411459
9/2/2014, 0.8506978918004919
9/3/2014, 6.753609664351852
9/4/2014, 2.41296544958044
9/5/2014, 8.330821397569444
9/6/2014, 8.624733253761574
9/7/2014, 3.626061785662616
9/8/2014, 0.3452379862467448
9/9/2014, 0
9/10/2014, 0.02222409071745696
9/11/2014, 0.06853324042426215
9/12/2014, 0.44591680456090854
9/13/2014, 4.927133969907407
9/14/2014, 1.2068474663628472
9/15/2014, 13.185820855034722
9/16/2014, 1.0602431685836227
9/17/2014, 0
9/18/2014, 0.23096146760163483
9/19/2014, 3.25471033166956
9/20/2014, 0.035875426398383245
9/21/2014, 3.726587592230903
9/22/2014, 21.65793185763889
9/23/2014, 27.90316478587963
9/24/2014, 29.642487702546298
9/25/2014, 15.422681568287038
9/26/2014, 3.263908781828704
9/27/2014, 0.0981706972475405
9/28/2014, 12.600971137152778
9/29/2014, 2.9820439091435187
9/30/2014, 2.266910355179398
10/1/2014, 1.7565049913194444
10/2/2014, 0
10/3/2014, 0
10/4/2014, 5.402739800347222
10/5/2014, 32.705787037037034
10/6/2014, 17.633754701967593
10/7/2014, 24.301341869212962
10/8/2014, 25.642816840277778
10/9/2014, 4.376779966001157
10/10/2014, 18.661830873842593
10/11/2014, 21.109711371527776
10/12/2014, 1.3899443449797453
10/13/2014, 1.6727225974754052
10/14/2014, 1.228288099500868
10/15/2014, 4.496851490162037
10/16/2014, 2.0851607711226854
10/17/2014, 9.195381221064816
10/18/2014, 7.601399739583333
10/19/2014, 3.3214115849247685
10/20/2014, 10.452483904803241
10/21/2014, 2.3651260941116896
10/22/2014, 4.47181080005787
10/23/2014, 0.07821990119086372
10/24/2014, 2.326858859592014
10/25/2014, 14.661322699652779
10/26/2014, 10.551613136574074
10/27/2014, 24.71853298611111
10/28/2014, 12.741615125868055
10/29/2014, 0.16725999337655525
10/30/2014, 0.16946519922327113
10/31/2014, 14.445996997974538
11/1/2014, 1.1461213288483796
11/2/2014, 1.0234030264395255
11/3/2014, 0.5263518156828704
11/4/2014, 4.054482241030093
11/5/2014, 4.106734664351852
11/6/2014, 0.5634169967086227
11/7/2014, 0.1477425045437283
11/8/2014, 0
11/9/2014, 0.02505642573038737
11/10/2014, 0.7250848840784143
11/11/2014, 0.8888101083260995
11/12/2014, 3.2776215729890046
11/13/2014, 0.2115582501446759
11/14/2014, 0.2778562757703993
11/15/2014, 0.054871735749421294
11/16/2014, 0
11/17/2014, 0
11/18/2014, 1.1352697301793981
11/19/2014, 1.4967305501302084
11/20/2014, 0
11/21/2014, 0.6059919004087095
11/22/2014, 0
11/23/2014, 0.057971749482331456
11/24/2014, 0.40320762351707173
11/25/2014, 0.8649473967375578
11/26/2014, 1.338731214735243
11/27/2014, 1.7799932409215857
11/28/2014, 15.804871961805556
11/29/2014, 1.9194281684027779
11/30/2014, 1.5436822961877894
12/1/2014, 2.8915531864872683
12/2/2014, 1.7769482647931134
12/3/2014, 0
12/4/2014, 0
12/5/2014, 0
12/6/2014, 0
12/7/2014, 0.03363456019648799
12/8/2014, 0
12/9/2014, 0.016118464646516024
12/10/2014, 5.062041558159722
12/11/2014, 0.7393963283962673
12/12/2014, 2.7004136827256944
12/13/2014, 0.32443279690212673
12/14/2014, 0
12/15/2014, 0
12/16/2014, 0
12/17/2014, 0
12/18/2014, 0
12/19/2014, 0.8108093826859085
12/20/2014, 0.9085006713867188
12/21/2014, 0.005522319122597023
12/22/2014, 0
12/23/2014, 0
12/24/2014, 0.15024185180664062
12/25/2014, 1.0476646140769676
12/26/2014, 0.448471521448206
12/27/2014, 0.7596392031069155
12/28/2014, 1.252250501844618
12/29/2014, 0.005468931463029649
12/30/2014, 0
12/31/2014, 0.011422317999380606
1/1/2015, 3.083983470775463
1/2/2015, 0
1/3/2015, 0
1/4/2015, 0
1/5/2015, 0
1/6/2015, 0
1/7/2015, 0
1/8/2015, 0
1/9/2015, 2.0402978967737266
1/10/2015, 0
1/11/2015, 0.11588009021900318
1/12/2015, 0
1/13/2015, 0
1/14/2015, 0
1/15/2015, 1.1325715241608796
1/16/2015, 0.4372941193757234
1/17/2015, 0
1/18/2015, 0
1/19/2015, 0
1/20/2015, 0
1/21/2015, 0
1/22/2015, 0
1/23/2015, 0.09577860655608
1/24/2015, 0.005458046771861889
1/25/2015, 0
1/26/2015, 0
1/27/2015, 0
1/28/2015, 0
1/29/2015, 0
1/30/2015, 0.11604074548791957
1/31/2015, 0
2/1/2015, 0.4077210037796586
2/2/2015, 0.005241486761305068
2/3/2015, 0.017025271168461552
2/4/2015, 0.0226315145139341
2/5/2015, 0.004882593066604049
2/6/2015, 0
2/7/2015, 0
2/8/2015, 0
2/9/2015, 0.06974899857132523
2/10/2015, 0.6784697356047453
2/11/2015, 0.05694163287127459
2/12/2015, 0.09870002887867114
2/13/2015, 0
2/14/2015, 0
2/15/2015, 0
2/16/2015, 0
2/17/2015, 0.36843482123480903
2/18/2015, 0.026376046074761284
2/19/2015, 0.15182714109067563
2/20/2015, 0.1286717450177228
2/21/2015, 0
2/22/2015, 0.4159196076569734
2/23/2015, 0.0822347358421043
2/24/2015, 0
2/25/2015, 0.14767074584960938
2/26/2015, 0
2/27/2015, 0
2/28/2015, 0.1400466212519893
3/1/2015, 0.3786244992856626
3/2/2015, 0.14427404050473813
3/3/2015, 3.220588062427662
3/4/2015, 4.240537742332176
3/5/2015, 0.567206714771412
3/6/2015, 4.605881980613426
3/7/2015, 0.9083253648546007
3/8/2015, 0.018445142110188804
3/9/2015, 0
3/10/2015, 0
3/11/2015, 0
3/12/2015, 0
3/13/2015, 0
3/14/2015, 0.0350088013543023
3/15/2015, 1.7698324697989005
3/16/2015, 0.009885686415213125
3/17/2015, 0
3/18/2015, 0
3/19/2015, 0.024720149570041233
3/20/2015, 0
3/21/2015, 0
3/22/2015, 0
3/23/2015, 0
3/24/2015, 0
3/25/2015, 0
3/26/2015, 0.0029775921945218685
3/27/2015, 0
3/28/2015, 0
3/29/2015, 0
3/30/2015, 0
3/31/2015, 1.5548775001808448
4/1/2015, 1.4718560112847223
4/2/2015, 0.19760119120279948
4/3/2015, 10.285772026909722
4/4/2015, 1.2870504873770254
4/5/2015, 0.4500933329264323
4/6/2015, 0
4/7/2015, 0
4/8/2015, 0.7116769861291956
4/9/2015, 1.5480567084418402
4/10/2015, 0.1964702606201172
4/11/2015, 3.2953719527633103
4/12/2015, 10.062302879050925
4/13/2015, 6.798176179108796
4/14/2015, 0.19352118880660446
4/15/2015, 5.466754376446759
4/16/2015, 2.1332505967881943
4/17/2015, 5.865744357638889
4/18/2015, 0.44256088821976275
4/19/2015, 0.08557846634476274
4/20/2015, 1.3973723234953703
4/21/2015, 3.0018315067997685
4/22/2015, 8.71128833912037
4/23/2015, 15.287896050347221
4/24/2015, 14.457642505787037
4/25/2015, 1.81064611364294
4/26/2015, 0.19249413101761428
4/27/2015, 0.04409085732919198
4/28/2015, 0.15047194869429978
4/29/2015, 13.987222403067129
4/30/2015, 4.6499195240162035
5/1/2015, 0.30220116509331596
5/2/2015, 10.212912326388889
5/3/2015, 0.2346567507143374
5/4/2015, 6.3533338758680555
5/5/2015, 2.577571388527199
5/6/2015, 9.06695601851852
5/7/2015, 6.344663266782407
5/8/2015, 14.391946976273148
5/9/2015, 2.1328870985243054
5/10/2015, 13.578438765914353
5/11/2015, 8.779135923032408
5/12/2015, 9.659723126446758
5/13/2015, 15.440791377314815
5/14/2015, 5.955884693287037
5/15/2015, 10.14986888744213
5/16/2015, 18.367390046296297
5/17/2015, 19.719889322916668
5/18/2015, 1.2674945972583913
5/19/2015, 10.289931459780092
5/20/2015, 0.03969073825412327
5/21/2015, 0
5/22/2015, 0.003441717448057952
5/23/2015, 1.0147672299985533
5/24/2015, 0.8534972014250579
5/25/2015, 0
5/26/2015, 0.8378612377025463
5/27/2015, 21.675294777199074
5/28/2015, 0
5/29/2015, 19.091776982060185
5/30/2015, 1.2969111689814814
5/31/2015, 26.761494502314815
6/1/2015, 5.25387550636574
6/2/2015, 5.37018138744213
6/3/2015, 5.865508355034722
6/4/2015, 9.671891276041666
6/5/2015, 2.9634333857783566
6/6/2015, 0.5171637075918692
6/7/2015, 0.28559881139684606
6/8/2015, 1.1438996491608797
6/9/2015, 3.840629973234954
6/10/2015, 5.183973524305555
6/11/2015, 8.044597258391203
6/12/2015, 3.24656982421875
6/13/2015, 0.4614355016637732
6/14/2015, 4.136728696469907
6/15/2015, 1.6489931459780092
6/16/2015, 1.9866938838252315
6/17/2015, 2.6702134874131946
6/18/2015, 4.836685293692129
6/19/2015, 1.7462632921006944
6/20/2015, 1.0623294406467014
6/21/2015, 2.6468896936487267
6/22/2015, 0.20493967974627458
6/23/2015, 0.2077220634177879
6/24/2015, 0
6/25/2015, 0
6/26/2015, 0
6/27/2015, 0.08830707691333912
6/28/2015, 0
6/29/2015, 0.7107078834816262
6/30/2015, 0.9000877662941261
7/1/2015, 0.02306697103712294
7/2/2015, 0
7/3/2015, 0.7264225712528936
7/4/2015, 0
7/5/2015, 0
7/6/2015, 0
7/7/2015, 0
7/8/2015, 0.003491043382220798
7/9/2015, 0
7/10/2015, 0.656519458912037
7/11/2015, 0.7565197979962385
7/12/2015, 0
7/13/2015, 0
7/14/2015, 1.0774045591001158
7/15/2015, 4.560818594473379
7/16/2015, 0.024486771336308232
7/17/2015, 0.06605587005615235
7/18/2015, 0.3310930887858073
7/19/2015, 1.1665746618200232
7/20/2015, 4.881363028067129
7/21/2015, 5.092308666087963
7/22/2015, 7.2057499638310185
7/23/2015, 6.051694064670139
7/24/2015, 0.2862897237141927
7/25/2015, 2.5042075828269676
7/26/2015, 2.967361789279514
7/27/2015, 7.4409591109664355
7/28/2015, 5.366177481192129
7/29/2015, 0.6606839215313947
7/30/2015, 1.332436568648727
7/31/2015, 4.277165165653935
8/1/2015, 11.012625687210647
8/2/2015, 4.01574390552662
8/3/2015, 4.066338885271991
8/4/2015, 4.941030092592593
8/5/2015, 0.13019770869502315
8/6/2015, 1.7830527976707176
8/7/2015, 1.3402394612630208
8/8/2015, 0
8/9/2015, 0.017025604954472296
8/10/2015, 0.7042703134042245
8/11/2015, 0.32670796712239586
8/12/2015, 4.24786376953125
8/13/2015, 0.21721773500795719
8/14/2015, 0.007083138271614357
8/15/2015, 11.958515986689815
8/16/2015, 15.715111400462963
8/17/2015, 6.322111002604166
8/18/2015, 4.2393007631655095
8/19/2015, 0
8/20/2015, 14.49408275462963
8/21/2015, 16.618095341435186
8/22/2015, 13.45290798611111
8/23/2015, 2.108586064091435
8/24/2015, 0
8/25/2015, 0
8/26/2015, 3.2715761537905093
8/27/2015, 7.835942925347222
8/28/2015, 3.5836396393952548
8/29/2015, 0
8/30/2015, 0.4645968967013889
8/31/2015, 0
9/1/2015, 0.7954374525282119
9/2/2015, 7.68431712962963
9/3/2015, 14.949988245081018
9/4/2015, 3.3514259620949076
9/5/2015, 2.9385441532841434
9/6/2015, 14.887928602430556
9/7/2015, 18.480747251157407
9/8/2015, 0
9/9/2015, 4.5459404839409725
9/10/2015, 2.509341769748264
9/11/2015, 1.6001745153356481
9/12/2015, 2.6948248969184028
9/13/2015, 2.131588179976852
9/14/2015, 0.04289231123747649
9/15/2015, 0.20013790837040654
9/16/2015, 1.293600124782986
9/17/2015, 1.0105918601707176
9/18/2015, 0.5896431251808449
9/19/2015, 1.9537136501736112
9/20/2015, 11.233943684895833
9/21/2015, 1.6612668637876158
9/22/2015, 5.2477837456597225
9/23/2015, 3.3399549696180557
9/24/2015, 8.503900824652778
9/25/2015, 1.8966774269386575
9/26/2015, 10.27475314670139
9/27/2015, 20.341243489583334
9/28/2015, 13.901294849537036
9/29/2015, 4.9838428638599535
9/30/2015, 5.310887767650463
10/1/2015, 1.429185316297743
10/2/2015, 7.174178059895834
10/3/2015, 11.280280671296296
10/4/2015, 25.415122251157406
10/5/2015, 13.12611400462963
10/6/2015, 6.259832537615741
10/7/2015, 8.04615162037037
10/8/2015, 9.53867820457176
10/9/2015, 3.1058648003472222
10/10/2015, 14.431441695601851
10/11/2015, 25.35863353587963
10/12/2015, 7.407057472511574
10/13/2015, 0
10/14/2015, 0
10/15/2015, 0
10/16/2015, 0
10/17/2015, 0
10/18/2015, 0
10/19/2015, 3.9616943359375
10/20/2015, 0.13578030621563947
10/21/2015, 0
10/22/2015, 0
10/23/2015, 0
10/24/2015, 0.021636554929945203
10/25/2015, 0.07924072124339916
10/26/2015, 1.0672663935908564
10/27/2015, 0.04391503863864475
10/28/2015, 0.9048689100477431
10/29/2015, 0
10/30/2015, 1.6338048864293981
10/31/2015, 5.376308865017361
11/1/2015, 2.280267333984375
11/2/2015, 9.070652488425926
11/3/2015, 18.128497540509258
11/4/2015, 16.926508246527778
11/5/2015, 4.590712709780092
11/6/2015, 0.28766324078595196
11/7/2015, 0.3278443513093171
11/8/2015, 19.177141203703705
11/9/2015, 36.27418981481482
11/10/2015, 2.97778478551794
11/11/2015, 3.8767786096643517
11/12/2015, 0.6683272750289352
11/13/2015, 3.384037724247685
11/14/2015, 8.422188765914353
11/15/2015, 14.518211082175926
11/16/2015, 10.301763237847222
11/17/2015, 0
11/18/2015, 0
11/19/2015, 1.03726727520978
11/20/2015, 2.6619977032696758
11/21/2015, 0.725956047905816
11/22/2015, 23.055083550347224
11/23/2015, 2.6269081398292826
11/24/2015, 0.009077758259243436
11/25/2015, 0
11/26/2015, 0
11/27/2015, 0
11/28/2015, 0.060177301477502894
11/29/2015, 7.227483904803241
11/30/2015, 4.980358434606481
12/1/2015, 12.769272641782408
12/2/2015, 1.9366183810763888
12/3/2015, 0
12/4/2015, 0
12/5/2015, 0.4391391047724971
12/6/2015, 0.6058812459309896
12/7/2015, 0.07706416094744648
12/8/2015, 2.043698685257523
12/9/2015, 0.21526911700213397
12/10/2015, 0.010558438301086426
12/11/2015, 0.012268684528492115
12/12/2015, 0
12/13/2015, 0
12/14/2015, 0.4855968334056713
12/15/2015, 0.008121727131031178
12/16/2015, 0
12/17/2015, 0
12/18/2015, 0
12/19/2015, 0.420986486364294
12/20/2015, 0
12/21/2015, 1.0393135353370948
12/22/2015, 0
12/23/2015, 0.0066542647503040455
12/24/2015, 0.8781221742983217
12/25/2015, 0
12/26/2015, 0.22497308519151477
12/27/2015, 0.5332976729781539
12/28/2015, 0
12/29/2015, 0.6767496744791667
12/30/2015, 0
12/31/2015, 0.00481851233376397
1/1/2016, 0
1/2/2016, 0.23111527054398148
1/3/2016, 0.02725160740039967
1/4/2016, 0.11577620329680266
1/5/2016, 1.7984599925853588
1/6/2016, 2.1770313404224537
1/7/2016, 0.013703890200014468
1/8/2016, 0.0035001858516975686
1/9/2016, 0
1/10/2016, 0
1/11/2016, 0
1/12/2016, 1.5678975423177084
1/13/2016, 0.045341950875741464
1/14/2016, 0
1/15/2016, 0.012079994766800491
1/16/2016, 0
1/17/2016, 0
1/18/2016, 0
1/19/2016, 0
1/20/2016, 0
1/21/2016, 0
1/22/2016, 0
1/23/2016, 0
1/24/2016, 0
1/25/2016, 0
1/26/2016, 0.4078415199562355
1/27/2016, 0.17630579913104022
1/28/2016, 0
1/29/2016, 0
1/30/2016, 0
1/31/2016, 0.030717266930474177
2/1/2016, 0.3177816320348669
2/2/2016, 0.009402437563295717
2/3/2016, 0.0326077072708695
2/4/2016, 1.6409263328269676
2/5/2016, 0.255658213297526
2/6/2016, 0.10539850305627893
2/7/2016, 0
2/8/2016, 0
2/9/2016, 0.01694057959097403
2/10/2016, 0.0039247830708821615
2/11/2016, 0.07432916429307726
2/12/2016, 0
2/13/2016, 0
2/14/2016, 0
2/15/2016, 0.08672443672462746
2/16/2016, 0
2/17/2016, 0
2/18/2016, 0
2/19/2016, 0.023796272277832032
2/20/2016, 0.005116402661358869
2/21/2016, 0
2/22/2016, 0.01314751836988661
2/23/2016, 0.03637989185474537
2/24/2016, 0.0019338274443591083
2/25/2016, 0.517170884874132
2/26/2016, 0.05487241038569698
2/27/2016, 0
2/28/2016, 0.08102804113317419
2/29/2016, 0.15250427811234085
3/1/2016, 0.4472341749403212
3/2/2016, 0.0948523274174443
3/3/2016, 0
3/4/2016, 0
3/5/2016, 0.04742739642107928
3/6/2016, 0.015321281221177842
3/7/2016, 0.30730325204354747
3/8/2016, 0
3/9/2016, 0
3/10/2016, 0.15178947448730468
3/11/2016, 0.03511148382116247
3/12/2016, 0.40954276190863714
3/13/2016, 1.0042986834490741
3/14/2016, 1.7742325394241898
3/15/2016, 0.3103817409939236
3/16/2016, 1.3689466688368055
3/17/2016, 0.015030970396818938
3/18/2016, 0
3/19/2016, 0
3/20/2016, 0
3/21/2016, 0
3/22/2016, 0
3/23/2016, 0.02844643239621763
3/24/2016, 0
3/25/2016, 0
3/26/2016, 0.13084992302788628
3/27/2016, 0
3/28/2016, 1.0259714762369792
3/29/2016, 0.02571286272119593
3/30/2016, 0.006714625711794253
3/31/2016, 0.1255891587999132
4/1/2016, 0
4/2/2016, 0
4/3/2016, 0
4/4/2016, 0
4/5/2016, 0.012891875372992622
4/6/2016, 0
4/7/2016, 0.9119104456018519
4/8/2016, 3.307747395833333
4/9/2016, 3.0020299840856484
4/10/2016, 0
4/11/2016, 0.015063564865677444
4/12/2016, 0
4/13/2016, 0.3970665260597512
4/14/2016, 1.975574634693287
4/15/2016, 0.3562013414171007
4/16/2016, 1.2123808684172455
4/17/2016, 0.4069433706778067
4/18/2016, 0
4/19/2016, 0
4/20/2016, 0.10568310772931135
4/21/2016, 0.3978457698115596
4/22/2016, 0.1392047740794994
4/23/2016, 0
4/24/2016, 0.14376243308738426
4/25/2016, 2.8060124150028933
4/26/2016, 0.002096450549584848
4/27/2016, 0.008085236725983797
4/28/2016, 0.0024061527517106798
4/29/2016, 0
4/30/2016, 0.00532658541644061
5/1/2016, 0
5/2/2016, 4.956586371527778
5/3/2016, 6.391279658564815
5/4/2016, 3.220790382667824
5/5/2016, 11.866411675347223
5/6/2016, 8.727806712962963
5/7/2016, 0.7443107322410301
5/8/2016, 7.448032407407408
5/9/2016, 0.9142356589988426
5/10/2016, 0.2482269004539207
5/11/2016, 1.6609588623046876
5/12/2016, 1.9053769712094908
5/13/2016, 0.05122346524839048
5/14/2016, 1.4952824345341436
5/15/2016, 6.904625108506944
5/16/2016, 28.320974392361112
5/17/2016, 33.080031105324075
5/18/2016, 33.06182725694445
5/19/2016, 9.581291594328704
5/20/2016, 0.42265664559823496
5/21/2016, 0.015537230173746745
5/22/2016, 0
5/23/2016, 0
5/24/2016, 0.06630323198106554
5/25/2016, 0.5390748765733507
5/26/2016, 0
5/27/2016, 15.894196686921296
5/28/2016, 13.646642614293981
5/29/2016, 0.9662650779441551
5/30/2016, 5.916819480613426
5/31/2016, 12.111584020543981
6/1/2016, 5.457678674768519
6/2/2016, 2.600999168113426
6/3/2016, 4.084295428240741
6/4/2016, 6.5109673394097225
6/5/2016, 3.1674904152199073
6/6/2016, 1.0628247296368634
6/7/2016, 5.144149215133102
6/8/2016, 11.044666883680556
6/9/2016, 1.0139914053457755
6/10/2016, 0
6/11/2016, 0.07181037620261864
6/12/2016, 0
6/13/2016, 0.08934254116482204
6/14/2016, 0
6/15/2016, 0
6/16/2016, 0.8195730138708044
6/17/2016, 5.618623408564815
6/18/2016, 0.7740545767324942
6/19/2016, 3.721302173755787
6/20/2016, 8.183839699074074
6/21/2016, 8.745583767361111
6/22/2016, 4.1498815465856485
6/23/2016, 4.38561695240162
6/24/2016, 4.083687337239583
6/25/2016, 1.7878806785300927
6/26/2016, 2.1484641746238426
6/27/2016, 7.718166775173611
6/28/2016, 8.950941297743055
6/29/2016, 5.321081090856482
6/30/2016, 2.345246265552662
7/1/2016, 0.15316529450593172
7/2/2016, 0.002475058811682242
7/3/2016, 0.12587448402687354
7/4/2016, 1.1779360170717592
7/5/2016, 4.250330494068287
7/6/2016, 3.6032882125289354
7/7/2016, 1.604961253978588
7/8/2016, 1.0378021240234374
7/9/2016, 0.4619025336371528
7/10/2016, 1.1972076416015625
7/11/2016, 0.25908626980251737
7/12/2016, 0
7/13/2016, 0
7/14/2016, 0.01910281711154514
7/15/2016, 4.783439127604167
7/16/2016, 2.871299235026042
7/17/2016, 3.314832447193287
7/18/2016, 4.94041748046875
7/19/2016, 2.701820882161458
7/20/2016, 3.00849925853588
7/21/2016, 1.7710942021122684
7/22/2016, 0.16203310931170428
7/23/2016, 2.0564572934751157
7/24/2016, 7.622641782407407
7/25/2016, 11.663852719907407
7/26/2016, 4.706567834924768
7/27/2016, 7.396534107349537
7/28/2016, 12.711510778356482
7/29/2016, 7.962389684606482
7/30/2016, 5.260163031684028
7/31/2016, 0
8/1/2016, 0.921693702980324
8/2/2016, 0.10178155545835142
8/3/2016, 1.788765914351852
8/4/2016, 6.702610496238426
8/5/2016, 0
8/6/2016, 0.011328291009973597
8/7/2016, 0.006896807970824065
8/8/2016, 0.7165085969147859
8/9/2016, 0.7645243326822917
8/10/2016, 0.28656506008572047
8/11/2016, 0
8/12/2016, 0.988931726526331
8/13/2016, 5.507919198495371
8/14/2016, 1.2113147876880788
8/15/2016, 0
8/16/2016, 0
8/17/2016, 0
8/18/2016, 0.13130017033329716
8/19/2016, 0
8/20/2016, 0.16191283331976997
8/21/2016, 0.047291112829137734
8/22/2016, 0.5389078776041667
8/23/2016, 4.171782316984953
8/24/2016, 4.994865813078704
8/25/2016, 7.150913266782408
8/26/2016, 10.68763744212963
8/27/2016, 2.0422046802662037
8/28/2016, 2.0496089228877317
8/29/2016, 3.606788239655671
8/30/2016, 15.44169921875
8/31/2016, 18.732468894675925
9/1/2016, 3.1260170265480323
9/2/2016, 3.287512433087384
9/3/2016, 3.3225852683738424
9/4/2016, 2.982998318142361
9/5/2016, 1.9097391764322917
9/6/2016, 2.5923267505787035
9/7/2016, 0
9/8/2016, 0
9/9/2016, 0.22652739065664787
9/10/2016, 3.0510224518952547
9/11/2016, 1.2260889123987269
9/12/2016, 0.5137121129918981
9/13/2016, 0.6322887279369213
9/14/2016, 2.7641660337094907
9/15/2016, 1.2256525110315393
9/16/2016, 0.16594708760579427
9/17/2016, 0.6934606481481481
9/18/2016, 0
9/19/2016, 0.1996218787299262
9/20/2016, 1.7789874041521991
9/21/2016, 0.08477579752604167
9/22/2016, 0
9/23/2016, 0.0019283683211715134
9/24/2016, 0
9/25/2016, 0
9/26/2016, 0.3442252830222801
9/27/2016, 3.1135981807002313
9/28/2016, 9.768778935185185
9/29/2016, 9.527685546875
9/30/2016, 0.11673340267605252
10/1/2016, 0.8389595314308449
10/2/2016, 0
10/3/2016, 0.15863058302137586
10/4/2016, 4.553301323784722
10/5/2016, 0.9290788438585069
10/6/2016, 0.9693790011935763
10/7/2016, 1.2641781277126736
10/8/2016, 0.03508658938937717
10/9/2016, 0.03294080098470052
10/10/2016, 0.3341140181929977
10/11/2016, 11.621676070601852
10/12/2016, 11.698344364872685
10/13/2016, 7.859154369212963
10/14/2016, 0.17242102446379484
10/15/2016, 0
10/16/2016, 0
10/17/2016, 0
10/18/2016, 0
10/19/2016, 0
10/20/2016, 0.03912168432165075
10/21/2016, 0
10/22/2016, 0
10/23/2016, 0.0496492067972819
10/24/2016, 0.06399537545663339
10/25/2016, 0
10/26/2016, 0
10/27/2016, 0
10/28/2016, 0
10/29/2016, 0.942992768464265
10/30/2016, 4.701894802517361
10/31/2016, 1.7564675790292246
11/1/2016, 0.04670319027370877
11/2/2016, 0.08649638847068504
11/3/2016, 0.5999474984628183
11/4/2016, 0
11/5/2016, 0
11/6/2016, 0
11/7/2016, 0
11/8/2016, 0
11/9/2016, 0
11/10/2016, 0
11/11/2016, 0
11/12/2016, 0
11/13/2016, 0
11/14/2016, 1.5145345052083334
11/15/2016, 0.043925045154712815
11/16/2016, 0.009037801954481338
11/17/2016, 0.17636037755895545
11/18/2016, 0.1822720280400029
11/19/2016, 0.10640048274287471
11/20/2016, 3.648780427155671
11/21/2016, 1.1667817292390046
11/22/2016, 0.014521369227656612
11/23/2016, 0
11/24/2016, 0
11/25/2016, 0.017225841239646628
11/26/2016, 0.014584596068770796
11/27/2016, 0.1135898024947555
11/28/2016, 0.10855243824146411
11/29/2016, 3.3792720088252315
11/30/2016, 3.236558250144676
12/1/2016, 9.769770869502315
12/2/2016, 0.08253418251320167
12/3/2016, 0
12/4/2016, 0
12/5/2016, 0
12/6/2016, 0
12/7/2016, 0
12/8/2016, 0.059273846944173175
12/9/2016, 0
12/10/2016, 0.7826137966579861
12/11/2016, 1.4568877043547455
12/12/2016, 26.40069806134259
12/13/2016, 0.05785149115103262
12/14/2016, 0
12/15/2016, 0
12/16/2016, 0.44955260665328417
12/17/2016, 0
12/18/2016, 0
12/19/2016, 0
12/20/2016, 0.06319953070746528
12/21/2016, 0.5789115623191551
12/22/2016, 0
12/23/2016, 0.008036300871107313
12/24/2016, 0.009346170778627748
12/25/2016, 0
12/26/2016, 0
12/27/2016, 0.3288034792299624
12/28/2016, 0.16541595458984376
12/29/2016, 0
12/30/2016, 0
12/31/2016, 0
1/1/2017, 2.957768192997685
1/2/2017, 0.08804694281684028
1/3/2017, 1.2576448793764468
1/4/2017, 0.13503167894151474
1/5/2017, 0.056650719819245514
1/6/2017, 0.3141895435474537
1/7/2017, 0.2950974358452691
1/8/2017, 0.2459493283872251
1/9/2017, 0
1/10/2017, 0.040541677121762876
1/11/2017, 0
1/12/2017, 0.014134122707225659
1/13/2017, 0.7993517840350116
1/14/2017, 0.008499164934511538
1/15/2017, 0
1/16/2017, 0
1/17/2017, 0
1/18/2017, 0
1/19/2017, 0.008238669678016945
1/20/2017, 2.4025080928096063
1/21/2017, 3.0556825991030094
1/22/2017, 0
1/23/2017, 0.0516763757776331
1/24/2017, 0
1/25/2017, 0
1/26/2017, 0
1/27/2017, 0.13756027221679687
1/28/2017, 0.1137905756632487
1/29/2017, 0
1/30/2017, 0
1/31/2017, 0
2/1/2017, 0
2/2/2017, 0
2/3/2017, 0
2/4/2017, 0.07817757217972367
2/5/2017, 0.04172050334789135
2/6/2017, 0
2/7/2017, 0
2/8/2017, 0.004034050747200295
2/9/2017, 0
2/10/2017, 0
2/11/2017, 0
2/12/2017, 0
2/13/2017, 0
2/14/2017, 0.14391812924985534
2/15/2017, 0
2/16/2017, 0.3255169903790509
2/17/2017, 0
2/18/2017, 0
2/19/2017, 0.11520039593731915
2/20/2017, 0.6577054624204283
2/21/2017, 0.17069512826425057
2/22/2017, 0.10933361759892217
2/23/2017, 0
2/24/2017, 0.005684492323133681
2/25/2017, 0.20257090815791376
2/26/2017, 0.5414375587745949
2/27/2017, 2.993898970992477
2/28/2017, 0.11351676517062717
3/1/2017, 0.33550539369936344
3/2/2017, 2.9531684027777776
3/3/2017, 0
3/4/2017, 0.6058269924587674
3/5/2017, 4.424708839699074
3/6/2017, 3.973720974392361
3/7/2017, 1.6081899007161458
3/8/2017, 1.3994382505063658
3/9/2017, 1.2518497043185763
3/10/2017, 1.7056164776837384
3/11/2017, 0.004682871147438332
3/12/2017, 0
3/13/2017, 2.25747228551794
3/14/2017, 2.4285472728587965
3/15/2017, 0.45292779427987556
3/16/2017, 1.5367941397207754
3/17/2017, 1.1654213234230324
3/18/2017, 0.7466844346788194
3/19/2017, 0.2053966380931713
3/20/2017, 0.24405379118742765
3/21/2017, 0
3/22/2017, 0
3/23/2017, 0
3/24/2017, 0
3/25/2017, 0
3/26/2017, 0
3/27/2017, 0
3/28/2017, 0
3/29/2017, 0
3/30/2017, 0
3/31/2017, 0
4/1/2017, 0
4/2/2017, 0
4/3/2017, 0
4/4/2017, 0
4/5/2017, 0.3353995994285301
4/6/2017, 2.312786187065972
4/7/2017, 0.012375204651444047
4/8/2017, 0
4/9/2017, 0
4/10/2017, 0.08478941034387659
4/11/2017, 0.4250432332356771
4/12/2017, 0.042517397138807506
4/13/2017, 0.002771623929341634
4/14/2017, 0.1094797275684498
4/15/2017, 0
4/16/2017, 2.527161548755787
4/17/2017, 2.847454833984375
4/18/2017, 1.7930817780671295
4/19/2017, 0
4/20/2017, 9.107148799189815
4/21/2017, 4.599888780381945
4/22/2017, 4.45032958984375
4/23/2017, 1.0548737702546296
4/24/2017, 2.6653670699508103
4/25/2017, 4.201863606770833
4/26/2017, 0
4/27/2017, 0.16046087476942275
4/28/2017, 0.09374812090838397
4/29/2017, 0.053420483624493635
4/30/2017, 0.00514276557498508
5/1/2017, 0.3752843221028646
5/2/2017, 0
5/3/2017, 0.4629853707772714
5/4/2017, 0
5/5/2017, 0.007812419644108525
5/6/2017, 2.588283058449074
5/7/2017, 10.534318938078703
5/8/2017, 0.08936387521249277
5/9/2017, 10.19455295138889
5/10/2017, 5.665892650462963
5/11/2017, 7.166253436053241
5/12/2017, 1.6577678539134837
5/13/2017, 0.39145013314706306
5/14/2017, 17.991279658564814
5/15/2017, 3.6745411060474535
5/16/2017, 4.2050971137152775
5/17/2017, 10.308258282696759
5/18/2017, 14.961756727430556
5/19/2017, 3.8605979636863426
5/20/2017, 10.147796404803241
5/21/2017, 7.975370732060185
5/22/2017, 17.758380353009258
5/23/2017, 1.3101112648292823
5/24/2017, 4.233528193721065
5/25/2017, 12.080600766782407
5/26/2017, 27.04130497685185
5/27/2017, 4.879668511284722
5/28/2017, 0
5/29/2017, 0
5/30/2017, 0.04384373205679434
5/31/2017, 3.360083233868634
6/1/2017, 1.2680796305338542
6/2/2017, 4.9468505859375
6/3/2017, 1.492534496166088
6/4/2017, 0.02808250144675926
6/5/2017, 0.9767540825737847
6/6/2017, 9.831775354456019
6/7/2017, 0.32992194846824363
6/8/2017, 0.6385467529296875
6/9/2017, 0.006857939561208089
6/10/2017, 0.15490808840151185
6/11/2017, 2.072939724392361
6/12/2017, 2.429782669632523
6/13/2017, 1.0492069950810186
6/14/2017, 1.97165685583044
6/15/2017, 3.23052978515625
6/16/2017, 11.104911747685184
6/17/2017, 1.5022774025245949
6/18/2017, 0.31503148961950234
6/19/2017, 6.251082356770834
6/20/2017, 7.9056577329282405
6/21/2017, 2.148812527126736
6/22/2017, 0.43507549144603586
6/23/2017, 2.206551106770833
6/24/2017, 3.752342845775463
6/25/2017, 0.05912569540518302
6/26/2017, 0.05511992065994828
6/27/2017, 1.6484083387586805
6/28/2017, 0.6979517618815104
6/29/2017, 0.00691382575918127
6/30/2017, 0.03543824089898003
7/1/2017, 4.204551414207176
7/2/2017, 0.5702339454933449
7/3/2017, 3.1874251754195604
7/4/2017, 1.9397904007523148
7/5/2017, 0.14891863222475404
7/6/2017, 3.6197943793402776
7/7/2017, 3.555352557146991
7/8/2017, 3.1777009186921297
7/9/2017, 1.076013070565683
7/10/2017, 0.5154230188440394
7/11/2017, 3.7865388093171295
7/12/2017, 3.613229031032986
7/13/2017, 1.2735143590856481
7/14/2017, 2.484695321542245
7/15/2017, 1.5425953052662038
7/16/2017, 1.2061815049913194
7/17/2017, 1.0669365776909723
7/18/2017, 0.7844892713758681
7/19/2017, 0.422343670880353
7/20/2017, 0
7/21/2017, 0
7/22/2017, 0.002344840102725559
7/23/2017, 0
7/24/2017, 0.01359369224972195
7/25/2017, 0
7/26/2017, 0.007143590185377333
7/27/2017, 0.10174217930546513
7/28/2017, 9.636642795138888
7/29/2017, 1.878695339626736
7/30/2017, 7.8604564525462965
7/31/2017, 10.590143952546295
8/1/2017, 8.455608000578703
8/2/2017, 5.9309687861689815
8/3/2017, 3.7362110279224536
8/4/2017, 1.6054026285807292
8/5/2017, 8.224567780671297
8/6/2017, 3.003731282552083
8/7/2017, 8.264042607060185
8/8/2017, 7.575066912615741
8/9/2017, 19.556336805555556
8/10/2017, 10.81555808738426
8/11/2017, 14.597153501157408
8/12/2017, 9.639635778356482
8/13/2017, 23.80242332175926
8/14/2017, 17.721272786458332
8/15/2017, 15.71080005787037
8/16/2017, 4.566682942708334
8/17/2017, 11.892377387152777
8/18/2017, 12.226853660300925
8/19/2017, 6.9846381293402775
8/20/2017, 3.725200511791088
8/21/2017, 6.589753327546297
8/22/2017, 1.543727281358507
8/23/2017, 9.632613570601851
8/24/2017, 8.871076569733797
8/25/2017, 13.921399377893518
8/26/2017, 6.912367078993055
8/27/2017, 5.940478967737269
8/28/2017, 14.628606047453705
8/29/2017, 7.321180555555555
8/30/2017, 5.840681514033565
8/31/2017, 7.1854456018518515
9/1/2017, 10.402356409143518
9/2/2017, 24.162798394097223
9/3/2017, 10.720194950810185
9/4/2017, 6.421355523003472
9/5/2017, 21.21399920428241
9/6/2017, 17.47811234085648
9/7/2017, 13.048280164930556
9/8/2017, 13.598445638020833
9/9/2017, 7.416376862702546
9/10/2017, 2.029414650245949
9/11/2017, 0.5302998295536747
9/12/2017, 0.9921058937355324
9/13/2017, 1.4960372359664351
9/14/2017, 9.90562427662037
9/15/2017, 2.2777398003472222
9/16/2017, 16.39797996238426
9/17/2017, 3.5040952329282407
9/18/2017, 0.33796607123480904
9/19/2017, 0.6153225368923612
9/20/2017, 0.1759781448929398
9/21/2017, 0
9/22/2017, 3.9274603949652778
9/23/2017, 0.33727648699725116
9/24/2017, 16.355598958333335
9/25/2017, 14.995153356481481
9/26/2017, 13.349797453703705
9/27/2017, 14.468029333043981
9/28/2017, 9.746635380497684
9/29/2017, 4.134967267071759
9/30/2017, 13.722999855324074
10/1/2017, 20.599424913194444
10/2/2017, 9.403740776909721
10/3/2017, 12.386550564236112
10/4/2017, 22.973972800925925
10/5/2017, 14.61103515625
10/6/2017, 11.782401982060184
10/7/2017, 9.679768880208334
10/8/2017, 23.61226851851852
10/9/2017, 29.156123408564813
10/10/2017, 27.611272063078705
10/11/2017, 9.685916702835648
10/12/2017, 20.13334056712963
10/13/2017, 9.891964156539352
10/14/2017, 28.149184389467592
10/15/2017, 2.7711606626157406
10/16/2017, 13.022611038773148
10/17/2017, 12.502336516203703
10/18/2017, 0
10/19/2017, 0
10/20/2017, 0.5570082487883391
10/21/2017, 1.916553638599537
10/22/2017, 1.380901986581308
10/23/2017, 0.028798740881460685
10/24/2017, 0.00961594404997649
10/25/2017, 0.821033223470052
10/26/2017, 0.09028559084291811
10/27/2017, 5.379074887876158
10/28/2017, 0
10/29/2017, 0
10/30/2017, 0.6424609148943866
10/31/2017, 0.8420594391999421
11/1/2017, 0.4954605667679398
11/2/2017, 3.398765959563079
11/3/2017, 0.13591913293909144
11/4/2017, 0.4255229808666088
11/5/2017, 1.2336970576533566
11/6/2017, 0.36240483036747684
11/7/2017, 0.25656565913447626
11/8/2017, 0
11/9/2017, 0
11/10/2017, 2.7663752803096067
11/11/2017, 4.917191116898148
11/12/2017, 0.44910543936270253
11/13/2017, 0
11/14/2017, 0
11/15/2017, 0
11/16/2017, 0.008891060617234972
11/17/2017, 0
11/18/2017, 0
11/19/2017, 0
11/20/2017, 0.06943545871310763
11/21/2017, 0.48620458532262734
11/22/2017, 0
11/23/2017, 0
11/24/2017, 2.6920265480324073
11/25/2017, 0.3239265159324363
11/26/2017, 3.5862933123553242
11/27/2017, 0.20982767740885416
11/28/2017, 0.03630591145268193
11/29/2017, 2.447340675636574
11/30/2017, 14.004172092013889
12/1/2017, 12.097596571180556
12/2/2017, 0.5131174723307291
12/3/2017, 0
12/4/2017, 0
12/5/2017, 0
12/6/2017, 0.005121040785754169
12/7/2017, 0.0933810622603805
12/8/2017, 0
12/9/2017, 0
12/10/2017, 0
12/11/2017, 0
12/12/2017, 0
12/13/2017, 0.3113064236111111
12/14/2017, 0
12/15/2017, 0
12/16/2017, 0.2973271687825521
12/17/2017, 0
12/18/2017, 0
12/19/2017, 0.10805173096833405
12/20/2017, 0
12/21/2017, 0.9998817726417825
12/22/2017, 0
12/23/2017, 0
12/24/2017, 0
12/25/2017, 0
12/26/2017, 0
12/27/2017, 0.34645939579716434
12/28/2017, 0
12/29/2017, 0
12/30/2017, 1.9493706597222222
12/31/2017, 0
1/1/2018, 0
1/2/2018, 0
1/3/2018, 0.08702015346950955
1/4/2018, 0
1/5/2018, 0
1/6/2018, 0
1/7/2018, 0
1/8/2018, 0
1/9/2018, 0
1/10/2018, 2.1800785771122686
1/11/2018, 2.494939281322338
1/12/2018, 0
1/13/2018, 0.03239913516574436
1/14/2018, 0
1/15/2018, 0
1/16/2018, 0
1/17/2018, 0.7524083455403646
1/18/2018, 0
1/19/2018, 0
1/20/2018, 0
1/21/2018, 0
1/22/2018, 0
1/23/2018, 0
1/24/2018, 0
1/25/2018, 0
1/26/2018, 0.16745892277470342
1/27/2018, 0
1/28/2018, 0
1/29/2018, 0
1/30/2018, 0
1/31/2018, 0
2/1/2018, 0
2/2/2018, 0.007088478406270345
2/3/2018, 0.18062574598524306
2/4/2018, 0
2/5/2018, 0.23283259073893228
2/6/2018, 0.024490229288736978
2/7/2018, 1.83354413067853
2/8/2018, 0
2/9/2018, 1.4937227602358218
2/10/2018, 0
2/11/2018, 0.1411140724464699
2/12/2018, 0.23752707022207756
2/13/2018, 0.006767876059920699
2/14/2018, 0.1503008383291739
2/15/2018, 0
2/16/2018, 0.049077139960394964
2/17/2018, 0.2559526514123987
2/18/2018, 0.04052154399730541
2/19/2018, 0.06336199442545573
2/20/2018, 0
2/21/2018, 0
2/22/2018, 0
2/23/2018, 0.0902341983936451
2/24/2018, 0
2/25/2018, 0
2/26/2018, 0
2/27/2018, 0
2/28/2018, 0.004969330187197085
3/1/2018, 0
3/2/2018, 0
3/3/2018, 0
3/4/2018, 0
3/5/2018, 0
3/6/2018, 0
3/7/2018, 0
3/8/2018, 0
3/9/2018, 0.07546440407081886
3/10/2018, 0.000969772427170365
3/11/2018, 0
3/12/2018, 0.06884194833260995
3/13/2018, 0.01873438976429127
3/14/2018, 0.11061692414460358
3/15/2018, 3.650373218677662
3/16/2018, 10.259926576967592
3/17/2018, 6.648644115306713
3/18/2018, 2.275733326099537
3/19/2018, 0.08522135416666667
3/20/2018, 0
3/21/2018, 0
3/22/2018, 1.136116988570602
3/23/2018, 0.07217899605079933
3/24/2018, 0
3/25/2018, 0
3/26/2018, 0.003016419763918276
3/27/2018, 0
3/28/2018, 0
3/29/2018, 0.8759966814959491
3/30/2018, 6.6864637586805555
3/31/2018, 4.30912181712963
4/1/2018, 1.2188507080078126
4/2/2018, 2.5730934425636574
4/3/2018, 0.042004659440782334
4/4/2018, 0
4/5/2018, 0.03301324844360352
4/6/2018, 0.003260722425248888
4/7/2018, 0
4/8/2018, 0
4/9/2018, 0
4/10/2018, 0
4/11/2018, 0.25043730559172456
4/12/2018, 0.3006220217104311
4/13/2018, 0.030933754532425493
4/14/2018, 0.04140509852656612
4/15/2018, 0.6574687251338253
4/16/2018, 0.6778944792570891
4/17/2018, 0
4/18/2018, 0.609354994032118
4/19/2018, 7.408246527777778
4/20/2018, 2.8625492802372685
4/21/2018, 0.11889365867332176
4/22/2018, 3.0132387514467593
4/23/2018, 0.5003129747178819
4/24/2018, 2.97318115234375
4/25/2018, 0.2300143771701389
4/26/2018, 7.096926540798611
4/27/2018, 0.16669926113552516
4/28/2018, 0.031042268541124133
4/29/2018, 0.29801096033166957
4/30/2018, 9.526032624421296
5/1/2018, 8.833541304976851
5/2/2018, 14.026816587094908
5/3/2018, 15.667865668402778
5/4/2018, 0.5954208939163773
5/5/2018, 2.454129593460648
5/6/2018, 2.741208450882523
5/7/2018, 2.671540889033565
5/8/2018, 26.06727611400463
5/9/2018, 12.456584563078703
5/10/2018, 8.788220666956018
5/11/2018, 15.912919560185186
5/12/2018, 18.37105758101852
5/13/2018, 13.526143844039352
5/14/2018, 11.452188223379629
5/15/2018, 6.072089301215278
5/16/2018, 1.695436378761574
5/17/2018, 5.229927119502315
5/18/2018, 8.290142144097222
5/19/2018, 17.737666377314813
5/20/2018, 6.19888328269676
5/21/2018, 10.633532262731482
5/22/2018, 3.1552399811921297
5/23/2018, 14.458658854166666
5/24/2018, 13.32509765625
5/25/2018, 14.953092447916667
5/26/2018, 3.9766493055555556
5/27/2018, 1.3111083984375
5/28/2018, 2.171228931568287
5/29/2018, 0.38427864357277197
5/30/2018, 13.3676513671875
5/31/2018, 18.003971354166666
6/1/2018, 10.895472547743056
6/2/2018, 10.172440140335649
6/3/2018, 6.577528211805555
6/4/2018, 1.6569097448278356
6/5/2018, 4.6021122685185185
6/6/2018, 12.110108326099537
6/7/2018, 1.7175211588541666
6/8/2018, 0.9788047507957176
6/9/2018, 2.485751681857639
6/10/2018, 0.24690238104926215
6/11/2018, 4.1820886682581015
6/12/2018, 3.4063562463831016
6/13/2018, 8.819368489583333
6/14/2018, 0.7057506985134548
6/15/2018, 1.01121747052228
6/16/2018, 3.838870804398148
6/17/2018, 0.8013511375144676
6/18/2018, 0
6/19/2018, 0
6/20/2018, 0.19300821092393664
6/21/2018, 0.49209798177083336
6/22/2018, 1.7218001754195602
6/23/2018, 0.6425324051468461
6/24/2018, 2.9335779260706016
6/25/2018, 3.696614131221065
6/26/2018, 2.3582867657696758
6/27/2018, 3.292352068865741
6/28/2018, 5.754594364872685
6/29/2018, 1.0391551830150463
6/30/2018, 2.8081192581741896
7/1/2018, 8.003614185474538
7/2/2018, 8.147281901041667
7/3/2018, 0.3955460159866898
7/4/2018, 0.2765777022750289
7/5/2018, 0
7/6/2018, 2.0294562445746527
7/7/2018, 3.1732304325810183
7/8/2018, 8.419670500578704
7/9/2018, 3.0927729853877315
7/10/2018, 5.964359085648148
7/11/2018, 8.209220377604167
7/12/2018, 9.68218677662037
7/13/2018, 2.4700391981336804
7/14/2018, 3.0654997649016202
7/15/2018, 0.6117759422019676
7/16/2018, 0
7/17/2018, 0
7/18/2018, 0.3803870024504485
7/19/2018, 1.8922728361906829
7/20/2018, 0.2723904645001447
7/21/2018, 9.56492603443287
7/22/2018, 0.05729886867381908
7/23/2018, 0.3696086742259838
7/24/2018, 0.1837978786892361
7/25/2018, 0.5523075810185185
7/26/2018, 1.722623019748264
7/27/2018, 4.567104311342592
7/28/2018, 0.533240650318287
7/29/2018, 0.4832503707320602
7/30/2018, 11.502497468171295
7/31/2018, 4.4587822808159725
8/1/2018, 0.7345028347439236
8/2/2018, 9.184203197337963
8/3/2018, 4.236627875434028
8/4/2018, 2.169595902054398
8/5/2018, 1.747269920066551
8/6/2018, 0.007207738470148157
8/7/2018, 2.6637632016782407
8/8/2018, 0.542764734338831
8/9/2018, 8.02020580150463
8/10/2018, 7.105046929253472
8/11/2018, 10.26333912037037
8/12/2018, 7.716160300925926
8/13/2018, 1.9667258933738425
8/14/2018, 4.400595883969907
8/15/2018, 0.32002221566659433
8/16/2018, 4.653927047164352
8/17/2018, 4.484708658854166
8/18/2018, 5.243027524594908
8/19/2018, 2.3877979419849535
8/20/2018, 0.687758947301794
8/21/2018, 0
8/22/2018, 0
8/23/2018, 1.220834689670139
8/24/2018, 1.172752210828993
8/25/2018, 13.288812934027778
8/26/2018, 2.4870960376880786
8/27/2018, 16.260658998842594
8/28/2018, 7.9738172743055555
8/29/2018, 5.5870171440972225
8/30/2018, 10.722260199652778
8/31/2018, 14.083091001157408
9/1/2018, 0.7124330308702257
9/2/2018, 4.158747468171296
9/3/2018, 0
9/4/2018, 0.3857452957718461
9/5/2018, 0
9/6/2018, 0.6302165843822338
9/7/2018, 0
9/8/2018, 0.3207497773347078
9/9/2018, 0.21092419094509549
9/10/2018, 4.303345630787037
9/11/2018, 0.9764553493923611
9/12/2018, 8.817948857060186
9/13/2018, 8.744355830439815
9/14/2018, 8.280665870949074
9/15/2018, 14.665836588541667
9/16/2018, 13.32958080150463
9/17/2018, 2.4901548032407406
9/18/2018, 5.455695710358796
9/19/2018, 2.347744411892361
9/20/2018, 1.0275269684968171
9/21/2018, 0
9/22/2018, 0.6365076700846354
9/23/2018, 4.210789207175926
9/24/2018, 5.557650191695602
9/25/2018, 5.918400517216435
9/26/2018, 16.985452835648147
9/27/2018, 11.487648292824074
9/28/2018, 6.0846119068287035
9/29/2018, 7.472165256076389
9/30/2018, 2.264873589409722
10/1/2018, 3.7667598017939814
10/2/2018, 6.237353063512732
10/3/2018, 12.572904007523148
10/4/2018, 16.665209056712964
10/5/2018, 9.322688802083333
10/6/2018, 3.364220287181713
10/7/2018, 0.2681463736074942
10/8/2018, 16.596947337962963
10/9/2018, 0.8543905752676505
10/10/2018, 0.03216428403501157
10/11/2018, 0
10/12/2018, 0.28102213541666665
10/13/2018, 0.8528713650173612
10/14/2018, 15.690628616898149
10/15/2018, 1.9307644314236112
10/16/2018, 11.04446072048611
10/17/2018, 17.391529224537038
10/18/2018, 7.998095703125
10/19/2018, 4.652730305989583
10/20/2018, 0.08446248372395833
10/21/2018, 1.9405042860243056
10/22/2018, 0
10/23/2018, 0.1391670650906033
10/24/2018, 0
10/25/2018, 0
10/26/2018, 0
10/27/2018, 0
10/28/2018, 0.13776830037434895
10/29/2018, 1.5082744457103587
10/30/2018, 0
10/31/2018, 7.266364655671296
11/1/2018, 0.4874728732638889
11/2/2018, 2.0956029821325233
11/3/2018, 2.0072914406105324
11/4/2018, 0.013062634291472258
11/5/2018, 0.9824266221788195
11/6/2018, 1.06002197265625
11/7/2018, 0.2682533546730324
11/8/2018, 3.3182106300636574
11/9/2018, 0.2635416384096499
11/10/2018, 0
11/11/2018, 1.5505486382378473
11/12/2018, 1.315136605721933
11/13/2018, 0.06658029203061704
11/14/2018, 0
11/15/2018, 2.2110319914641203
11/16/2018, 17.34191804108796
11/17/2018, 0.0924854419849537
11/18/2018, 4.549999547887731
11/19/2018, 0.2936513547544126
11/20/2018, 0
11/21/2018, 1.5838036431206597
11/22/2018, 0.02047700705351653
11/23/2018, 2.187283890335648
11/24/2018, 0
11/25/2018, 0
11/26/2018, 0
11/27/2018, 0
11/28/2018, 0
11/29/2018, 0.2045893633807147
11/30/2018, 0
12/1/2018, 0
12/2/2018, 0
12/3/2018, 0
12/4/2018, 1.750153492115162
12/5/2018, 0.09099387416133174
12/6/2018, 0
12/7/2018, 1.974173538773148
12/8/2018, 0.06300190113208912
12/9/2018, 0
12/10/2018, 0.16515402617277922
12/11/2018, 0
12/12/2018, 0
12/13/2018, 1.3623214156539352
12/14/2018, 0.025854368563051577
12/15/2018, 0.6577901769567419
12/16/2018, 9.627195457175926
12/17/2018, 5.035451931423611
12/18/2018, 0
12/19/2018, 0.03868748700177228
12/20/2018, 0.016188833448621962
12/21/2018, 0.4549583435058594
12/22/2018, 0.38877687807436345
12/23/2018, 1.1273751718026621
12/24/2018, 0.7060021294487847
12/25/2018, 0.006366743864836516
12/26/2018, 0
12/27/2018, 0
12/28/2018, 0
12/29/2018, 0
12/30/2018, 0
12/31/2018, 0
1/1/2019, 1.4545333297164351
1/2/2019, 0
1/3/2019, 0
1/4/2019, 0
1/5/2019, 0.28520456949869794
1/6/2019, 0.9883367467809606
1/7/2019, 0
1/8/2019, 0.5454396565755208
1/9/2019, 0
1/10/2019, 0
1/11/2019, 0
1/12/2019, 0.00808600143150047
1/13/2019, 0.6392789487485533
1/14/2019, 1.5426477502893519
1/15/2019, 0.6900134616427951
1/16/2019, 0.05528824417679398
1/17/2019, 0
1/18/2019, 0.29209801002785013
1/19/2019, 0
1/20/2019, 0
1/21/2019, 0.006686244187531648
1/22/2019, 0
1/23/2019, 0
1/24/2019, 0
1/25/2019, 0.07675425918013962
1/26/2019, 0
1/27/2019, 0
1/28/2019, 0
1/29/2019, 0
1/30/2019, 0
1/31/2019, 0
2/1/2019, 0.032890203264024524
2/2/2019, 0
2/3/2019, 0.052380526507342304
2/4/2019, 2.0623207374855324
2/5/2019, 0.14792710763436775
2/6/2019, 0
2/7/2019, 0.16185048421223958
2/8/2019, 0
2/9/2019, 0.8200586389612269
2/10/2019, 1.0892940945095486
2/11/2019, 0
2/12/2019, 0
2/13/2019, 0
2/14/2019, 0
2/15/2019, 3.0168556495949073
2/16/2019, 0
2/17/2019, 0
2/18/2019, 0
2/19/2019, 0
2/20/2019, 0
2/21/2019, 0.14309409812644677
2/22/2019, 0.14257784242983218
2/23/2019, 0.1189300537109375
2/24/2019, 1.1785454644097222
2/25/2019, 0
2/26/2019, 0
2/27/2019, 0.08035500137894241
2/28/2019, 0.25184297914858217
3/1/2019, 2.1968370225694445
3/2/2019, 0
3/3/2019, 0
3/4/2019, 0
3/5/2019, 0
3/6/2019, 0.8249325787579572
3/7/2019, 0
3/8/2019, 0
3/9/2019, 0.2745381108036748
3/10/2019, 0
3/11/2019, 0
3/12/2019, 0
3/13/2019, 0
3/14/2019, 0
3/15/2019, 0.010642713970608182
3/16/2019, 0
3/17/2019, 0
3/18/2019, 0
3/19/2019, 0
3/20/2019, 0
3/21/2019, 0
3/22/2019, 0
3/23/2019, 0
3/24/2019, 0
3/25/2019, 0
3/26/2019, 0.010553787372730397
3/27/2019, 0.03676259076153791
3/28/2019, 0.026586306536639178
3/29/2019, 0.049420911294442635
3/30/2019, 0.2721173604329427
3/31/2019, 0.008547925066064905
4/1/2019, 0
4/2/2019, 0.46425815158420136
4/3/2019, 0
4/4/2019, 0.0011109784797385888
4/5/2019, 0
4/6/2019, 0
4/7/2019, 0
4/8/2019, 5.649452039930556
4/9/2019, 4.059030490451389
4/10/2019, 0.055549999519630716
4/11/2019, 0.2624183654785156
4/12/2019, 0
4/13/2019, 0
4/14/2019, 0
4/15/2019, 0
4/16/2019, 0.367040620026765
4/17/2019, 1.6596722638165509
4/18/2019, 5.132517722800926
4/19/2019, 1.7655827275028935
4/20/2019, 3.461072681568287
4/21/2019, 0.027312098609076605
4/22/2019, 0.8612643771701389
4/23/2019, 0.040299383799235027
4/24/2019, 0.000053813053226029434
4/25/2019, 0.0000071671196363038485
4/26/2019, 0.39215788664641205
4/27/2019, 2.4267347547743054
4/28/2019, 9.964057074652779
4/29/2019, 1.559111757631655
4/30/2019, 17.25546513310185
5/1/2019, 10.090494791666666
5/2/2019, 0.0975367652045356
5/3/2019, 0.22500799673574942
5/4/2019, 0.335657133879485
5/5/2019, 1.7236958821614583
5/6/2019, 0.7172319200303819
5/7/2019, 14.017746310763888
5/8/2019, 3.7076542607060183
5/9/2019, 3.8328346535011573
5/10/2019, 0.3613239994755498
5/11/2019, 4.257050238715278
5/12/2019, 0.6469364307544849
5/13/2019, 6.755122432002315
5/14/2019, 8.242758969907408
5/15/2019, 13.101546223958334
5/16/2019, 1.245607164171007
5/17/2019, 18.35908564814815
5/18/2019, 1.6491156684027777
5/19/2019, 1.0024165400752314
5/20/2019, 0.5400136876989294
5/21/2019, 0.16640244943124277
5/22/2019, 1.3996986671730325
5/23/2019, 5.740115017361111
5/24/2019, 6.2645435474537035
5/25/2019, 7.1485107421875
5/26/2019, 12.419388382523149
5/27/2019, 0.9097192834924769
5/28/2019, 14.749025245949074
5/29/2019, 5.57245777271412
5/30/2019, 17.013425925925926
5/31/2019, 4.728156647858796
6/1/2019, 3.9640299479166665
6/2/2019, 7.950016276041667
6/3/2019, 4.712940357349537
6/4/2019, 5.851760525173611
6/5/2019, 6.168728298611111
6/6/2019, 0.45970083166051795
6/7/2019, 8.63386863425926
6/8/2019, 0.275921630859375
6/9/2019, 1.8361571135344328
6/10/2019, 0.7724375972041377
6/11/2019, 2.8778672960069445
6/12/2019, 0.7802085593894675
6/13/2019, 2.493817138671875
6/14/2019, 0.18362274169921874
6/15/2019, 0.5040325023509838
6/16/2019, 0
6/17/2019, 0.9761288113064236
6/18/2019, 0
6/19/2019, 0.01876408435680248
6/20/2019, 0
6/21/2019, 6.749225983796296
6/22/2019, 2.3023885091145835
6/23/2019, 1.6205185501663772
6/24/2019, 3.058606183087384
6/25/2019, 3.3763624403211807
6/26/2019, 3.9585051359953702
6/27/2019, 0.0804083435623734
6/28/2019, 0
6/29/2019, 0.3945326911078559
6/30/2019, 2.7068336769386576
7/1/2019, 0.06019636789957682
7/2/2019, 0.09895709002459491
7/3/2019, 2.4300419560185187
7/4/2019, 0.4894992404513889
7/5/2019, 0.13751982229727286
7/6/2019, 0.2809939914279514
7/7/2019, 0.08109643017804181
7/8/2019, 0.13759354485405817
7/9/2019, 1.7568962944878472
7/10/2019, 1.4952003761574073
7/11/2019, 0.4827084011501736
7/12/2019, 3.8487309208622684
7/13/2019, 3.6180722837094907
7/14/2019, 5.046541341145834
7/15/2019, 1.5094724301938658
7/16/2019, 0.307315515588831
7/17/2019, 0.42958676373517074
7/18/2019, 5.939615885416667
7/19/2019, 10.897307219328704
7/20/2019, 0.20154526321976274
7/21/2019, 0.07770415412055122
7/22/2019, 4.037339952256945
7/23/2019, 0.5333759449146412
7/24/2019, 3.9037660951967594
7/25/2019, 6.73002025462963
7/26/2019, 9.085377785011573
7/27/2019, 1.4087056477864583
7/28/2019, 1.1237898084852431
7/29/2019, 2.0028254756221067
7/30/2019, 4.8433638961226855
7/31/2019, 0
8/1/2019, 0.7850119131582755
8/2/2019, 8.882769097222223
8/3/2019, 1.8060587565104167
8/4/2019, 1.861243580005787
8/5/2019, 1.2119416413483797
8/6/2019, 15.437355324074074
8/7/2019, 9.18201316550926
8/8/2019, 0.8459745619032119
8/9/2019, 0
8/10/2019, 0
8/11/2019, 0
8/12/2019, 0
8/13/2019, 0.2447308858235677
8/14/2019, 1.403301097728588
8/15/2019, 0
8/16/2019, 17.445967158564816
8/17/2019, 20.786494502314813
8/18/2019, 22.811606626157406
8/19/2019, 18.90439453125
8/20/2019, 20.161800130208334
8/21/2019, 16.825321903935187
8/22/2019, 21.07195457175926
8/23/2019, 8.197222222222223
8/24/2019, 0.5476248847113715
8/25/2019, 0.6107866075303819
8/26/2019, 0
8/27/2019, 0.06292276735658998
8/28/2019, 6.381627965856482
8/29/2019, 4.713231517650463
8/30/2019, 0.755935216833044
8/31/2019, 15.483611834490741
9/1/2019, 3.3509815357349537
9/2/2019, 2.6654685691550926
9/3/2019, 6.644244610821759
9/4/2019, 4.223576750578704
9/5/2019, 0
9/6/2019, 0.03951601099084925
9/7/2019, 0.2586138407389323
9/8/2019, 0.3916156062373409
9/9/2019, 0.09875981366192853
9/10/2019, 13.894340458622684
9/11/2019, 11.506437174479167
9/12/2019, 10.977473958333333
9/13/2019, 11.113850007233797
9/14/2019, 13.402887188946758
9/15/2019, 5.256437174479166
9/16/2019, 6.1202392578125
9/17/2019, 6.622275571469907
9/18/2019, 7.213258644386574
9/19/2019, 13.327502893518519
9/20/2019, 2.796035427517361
9/21/2019, 6.670845992476852
9/22/2019, 10.143151403356482
9/23/2019, 18.04709201388889
9/24/2019, 6.989613624855324
9/25/2019, 11.657483362268518
9/26/2019, 0.13221263179072626
9/27/2019, 0.340412676775897
9/28/2019, 1.0459933810763888
9/29/2019, 0.10379378707320602
9/30/2019, 7.984989872685185
10/1/2019, 8.639350947627316
10/2/2019, 6.8515453197337965
10/3/2019, 3.564303023726852
10/4/2019, 10.258619972511575
10/5/2019, 5.466097909432871
10/6/2019, 0.445508462411386
10/7/2019, 9.622901294849537
10/8/2019, 2.725547507957176
10/9/2019, 3.424389874493634
10/10/2019, 1.0741277624059606
10/11/2019, 4.011914966724537
10/12/2019, 5.415675636574074
10/13/2019, 4.534029586226852
10/14/2019, 1.0220280400028936
10/15/2019, 8.839724392361111
10/16/2019, 6.132921459056713
10/17/2019, 4.386469184027778
10/18/2019, 3.6645449037905093
10/19/2019, 1.2803400110315393
10/20/2019, 7.800345413773148
10/21/2019, 15.125281213831018
10/22/2019, 39.90846715856482
10/23/2019, 20.942194733796295
10/24/2019, 2.8642591688368055
10/25/2019, 1.30373614275897
10/26/2019, 0.04222437540690104
10/27/2019, 6.141975007233796
10/28/2019, 4.324783438223379
10/29/2019, 14.985086624710648
10/30/2019, 11.032029441550925
10/31/2019, 0.10249836533157913
11/1/2019, 0
11/2/2019, 0.05482961513378002
11/3/2019, 0.3573969523111979
11/4/2019, 0
11/5/2019, 0
11/6/2019, 0.07694684487802012
11/7/2019, 10.502284071180556
11/8/2019, 7.0357855902777775
11/9/2019, 6.40205078125
11/10/2019, 1.4490554244429976
11/11/2019, 1.1678480360243055
11/12/2019, 0.18603925351743344
11/13/2019, 0.10109361719202112
11/14/2019, 0.8556351273148148
11/15/2019, 2.667491771556713
11/16/2019, 0.1814891956470631
11/17/2019, 0
11/18/2019, 0.1430633262351707
11/19/2019, 0.5342283460828993
11/20/2019, 24.519144241898147
11/21/2019, 0.01708483166164822
11/22/2019, 0.10334690941704644
11/23/2019, 0.019594284340187354
11/24/2019, 0
11/25/2019, 0
11/26/2019, 0
11/27/2019, 0.052123211048267504
11/28/2019, 0.15578924108434605
11/29/2019, 0.416188077573423
11/30/2019, 9.360646339699073
12/1/2019, 15.50486472800926
12/2/2019, 1.5266781277126735
12/3/2019, 0.18587378042715566
12/4/2019, 0.7151814778645833
12/5/2019, 0.31112769797996237
12/6/2019, 0.6964499014395255
12/7/2019, 0.34525881166811345
12/8/2019, 0
12/9/2019, 0
12/10/2019, 0
12/11/2019, 0
12/12/2019, 0
12/13/2019, 0.006311716415263988
12/14/2019, 1.9304244429976851
12/15/2019, 2.4584291811342593
12/16/2019, 0.09664904276529948
12/17/2019, 0.0595707928692853
12/18/2019, 0
12/19/2019, 0
12/20/2019, 1.5414669460720487
12/21/2019, 0.04418647907398365
12/22/2019, 0
12/23/2019, 1.2766333685980902
12/24/2019, 0.46958818788881657
12/25/2019, 0.8578201859085648
12/26/2019, 0
12/27/2019, 0
12/28/2019, 0
12/29/2019, 0
12/30/2019, 0
12/31/2019, 1.2394158257378471
1/1/2020, 0.4954511854383681
1/2/2020, 0
1/3/2020, 0
1/4/2020, 0
1/5/2020, 0
1/6/2020, 2.799836787471065
1/7/2020, 0
1/8/2020, 0
1/9/2020, 0
1/10/2020, 0
1/11/2020, 0
1/12/2020, 1.574461195203993
1/13/2020, 0.16737634164315682
1/14/2020, 0
1/15/2020, 0
1/16/2020, 0
1/17/2020, 0
1/18/2020, 0.043508907600685404
1/19/2020, 0.16120783487955728
1/20/2020, 0
1/21/2020, 0
1/22/2020, 0
1/23/2020, 1.3644088179976852
1/24/2020, 0
1/25/2020, 0
1/26/2020, 0.16865463256835939
1/27/2020, 0.03617405008386682
1/28/2020, 0.05113184540360062
1/29/2020, 0.014104142895451298
1/30/2020, 0.03820657376889829
1/31/2020, 1.1757615831163195
2/1/2020, 0
2/2/2020, 0
2/3/2020, 0
2/4/2020, 0.08030085387053314
2/5/2020, 0.07510000158239294
2/6/2020, 0
2/7/2020, 0
2/8/2020, 0
2/9/2020, 0
2/10/2020, 0
2/11/2020, 0
2/12/2020, 0.13838592811867043
2/13/2020, 0
2/14/2020, 0
2/15/2020, 0
2/16/2020, 0.10484999903926143
2/17/2020, 0.019195563704879195
2/18/2020, 0
2/19/2020, 0
2/20/2020, 0.9710498951099537
2/21/2020, 0
2/22/2020, 1.6573352955005787
2/23/2020, 0
2/24/2020, 0.7505201551649305
2/25/2020, 0
2/26/2020, 0
2/27/2020, 0
2/28/2020, 0
2/29/2020, 0
3/1/2020, 0
3/2/2020, 0.024843046400282117
3/3/2020, 0.011998572172941984
3/4/2020, 0
3/5/2020, 0
3/6/2020, 0.04969620881257234
3/7/2020, 0
3/8/2020, 0
3/9/2020, 0.004148443539937337
3/10/2020, 0.01552172236972385
3/11/2020, 0.4144425286187066
3/12/2020, 0
3/13/2020, 0.004010752395347312
3/14/2020, 0.05419904920789931
3/15/2020, 0
3/16/2020, 0.011648266403763383
3/17/2020, 0.004354563024308946
3/18/2020, 0
3/19/2020, 0.3313222814489294
3/20/2020, 1.5599577727141203
3/21/2020, 1.020862833658854
3/22/2020, 0.012041351530287
3/23/2020, 1.9000734682436342
3/24/2020, 0.01003644554703324
3/25/2020, 0.46052588003653067
3/26/2020, 0
3/27/2020, 0.004474367477275707
3/28/2020, 0.040003610540319375
3/29/2020, 0
3/30/2020, 0.03280283963238752
3/31/2020, 0.002497638817186709
4/1/2020, 0
4/2/2020, 0
4/3/2020, 0
4/4/2020, 0
4/5/2020, 1.2033164695457177
4/6/2020, 9.809464518229166
4/7/2020, 5.2528894495081015
4/8/2020, 1.5505251283998842
4/9/2020, 0.5932869240089699
4/10/2020, 0
4/11/2020, 0
4/12/2020, 0
4/13/2020, 0
4/14/2020, 0
4/15/2020, 0
4/16/2020, 0
4/17/2020, 0
4/18/2020, 0.6012914586950231
4/19/2020, 0.02674351268344455
4/20/2020, 0
4/21/2020, 0
4/22/2020, 0
4/23/2020, 4.324250397858797
4/24/2020, 2.3669553403501156
4/25/2020, 6.380014829282407
4/26/2020, 6.992296006944445
4/27/2020, 3.7855360243055554
4/28/2020, 13.21474880642361
4/29/2020, 9.227535445601852
4/30/2020, 0
5/1/2020, 1.6361421938295717
5/2/2020, 1.5497346100983795
5/3/2020, 0.42701051500108506
5/4/2020, 0.13488010830349392
5/5/2020, 0
5/6/2020, 0.4475763674135561
5/7/2020, 1.7247112132884839
5/8/2020, 0.21917675159595632
5/9/2020, 0.04731929567125109
5/10/2020, 0.29838186193395544
5/11/2020, 0.2958561932599103
5/12/2020, 0.022244910840634947
5/13/2020, 0.18628410056785302
5/14/2020, 0.07574471367730035
5/15/2020, 0.6750899138274016
5/16/2020, 7.821422887731481
5/17/2020, 12.364934172453705
5/18/2020, 6.389043511284722
5/19/2020, 0.5271072952835648
5/20/2020, 0.2720538669162326
5/21/2020, 0.6191780372902199
5/22/2020, 0.21408639130768953
5/23/2020, 6.976040762442129
5/24/2020, 3.2633447717737267
5/25/2020, 3.142086452907986
5/26/2020, 3.6132421422887733
5/27/2020, 11.309315321180556
5/28/2020, 15.492332175925926
5/29/2020, 7.6998914930555555
5/30/2020, 2.8013416431568285
5/31/2020, 2.3100572374131945
6/1/2020, 3.9241066261574074
6/2/2020, 1.5305538601345485
6/3/2020, 1.146653464988426
6/4/2020, 1.403948974609375
6/5/2020, 3.5266972294560186
6/6/2020, 6.463285771122685
6/7/2020, 0.5531999376085069
6/8/2020, 0.12040718926323785
6/9/2020, 0.06853896247016059
6/10/2020, 3.8819146050347224
6/11/2020, 1.6379975495515047
6/12/2020, 1.502031566478588
6/13/2020, 0.09772237848352502
6/14/2020, 0.9184375904224537
6/15/2020, 1.0459399188006366
6/16/2020, 1.9612105758101852
6/17/2020, 3.9208378544560185
6/18/2020, 3.4333672417534724
6/19/2020, 1.2486368815104167
6/20/2020, 0.3135465268735532
6/21/2020, 2.5620775010850694
6/22/2020, 2.8234375
6/23/2020, 11.184736689814814
6/24/2020, 6.454932544849537
6/25/2020, 8.18322120949074
6/26/2020, 0.012650186044198495
6/27/2020, 1.8469864456741898
6/28/2020, 8.253575303819444
6/29/2020, 7.853092447916667
6/30/2020, 8.583167860243055
7/1/2020, 1.0915066189236111
7/2/2020, 5.081667751736111
7/3/2020, 3.8953974971064813
7/4/2020, 5.4575439453125
7/5/2020, 4.910989040798611
7/6/2020, 10.129740849247685
7/7/2020, 3.5181816948784723
7/8/2020, 6.308550347222222
7/9/2020, 6.729885977285879
7/10/2020, 6.173372847945602
7/11/2020, 1.471038027162905
7/12/2020, 0.8380844681351273
7/13/2020, 1.716586755823206
7/14/2020, 3.0936794704861112
7/15/2020, 9.062644675925926
7/16/2020, 0.748223876953125
7/17/2020, 0.8635517261646412
7/18/2020, 10.639223451967593
7/19/2020, 5.502698206018518
7/20/2020, 2.8426411946614585
7/21/2020, 0.01837320327758789
7/22/2020, 0.00951044029659695
7/23/2020, 15.651273148148148
7/24/2020, 9.4640625
7/25/2020, 8.566786928530092
7/26/2020, 0
7/27/2020, 1.7225574634693288
7/28/2020, 6.357342303240741
7/29/2020, 9.67355052806713
7/30/2020, 7.286408600983797
7/31/2020, 8.694932725694445
8/1/2020, 13.639085105613425
8/2/2020, 13.763600441261573
8/3/2020, 2.409509955512153
8/4/2020, 8.187268518518518
8/5/2020, 0.07047944245515046
8/6/2020, 2.479281955295139
8/7/2020, 3.2703540943287037
8/8/2020, 12.672856987847222
8/9/2020, 9.019697627314814
8/10/2020, 7.231894712094907
8/11/2020, 3.341352222583912
8/12/2020, 5.6142582646122685
8/13/2020, 0.6463337651005497
8/14/2020, 3.7035728172019677
8/15/2020, 3.383406349464699
8/16/2020, 5.003085214120371
8/17/2020, 0.016868229265566224
8/18/2020, 0.2036295431631583
8/19/2020, 2.1457587348090277
8/20/2020, 6.899106626157407
8/21/2020, 3.131073902271412
8/22/2020, 3.6589830186631946
8/23/2020, 7.978525571469907
8/24/2020, 6.214967628761574
8/25/2020, 3.587596752025463
8/26/2020, 9.85955494068287
8/27/2020, 0.812421954119647
8/28/2020, 0
8/29/2020, 0
8/30/2020, 9.362325484664352
8/31/2020, 5.994423195167824
9/1/2020, 14.503987630208334
9/2/2020, 17.67976345486111
9/3/2020, 11.545354094328705
9/4/2020, 7.228887261284722
9/5/2020, 3.112858298972801
9/6/2020, 5.657756438078704
9/7/2020, 13.899206995081018
9/8/2020, 9.696845160590279
9/9/2020, 23.816572627314816
9/10/2020, 4.1828608760127315
9/11/2020, 1.937706615306713
9/12/2020, 5.340966796875
9/13/2020, 5.345780888310185
9/14/2020, 2.229330783420139
9/15/2020, 0.7592033668800636
9/16/2020, 2.151833089192708
9/17/2020, 2.816663501880787
9/18/2020, 2.5656846788194443
9/19/2020, 3.519434497974537
9/20/2020, 3.831015353732639
9/21/2020, 0.3545472321686921
9/22/2020, 0.6727990044487847
9/23/2020, 0
9/24/2020, 0.3406435083459925
9/25/2020, 12.378960503472221
9/26/2020, 14.192729130497685
9/27/2020, 4.717815936053241
9/28/2020, 15.198716001157408
9/29/2020, 18.500859013310187
9/30/2020, 2.993946216724537
10/1/2020, 0
10/2/2020, 12.28117042824074
10/3/2020, 4.353534161603009
10/4/2020, 2.975807472511574
10/5/2020, 0
10/6/2020, 4.439748806423611
10/7/2020, 8.499951171875
10/8/2020, 10.908942780671296
10/9/2020, 15.373296440972222
10/10/2020, 17.464641203703703
10/11/2020, 18.242885561342593
10/12/2020, 6.832779043692129
10/13/2020, 0.7783413922345197
10/14/2020, 0.5745494136103877
10/15/2020, 0.03207529209278248
10/16/2020, 1.342376708984375
10/17/2020, 5.6946610062210645
10/18/2020, 7.8317256221064815
10/19/2020, 2.6582496925636576
10/20/2020, 14.028514720775464
10/21/2020, 16.47919017650463
10/22/2020, 14.281001338252315
10/23/2020, 8.91501193576389
10/24/2020, 0.011927997624432599
10/25/2020, 6.188999204282408
10/26/2020, 0.5325194747359664
10/27/2020, 0.46321312233253764
10/28/2020, 0.07869203355577258
10/29/2020, 0.05136384610776548
10/30/2020, 0.15146639788592303
10/31/2020, 0.33347645512333624
11/1/2020, 0
11/2/2020, 0.08946076852303964
11/3/2020, 0
11/4/2020, 0.9051366170247396
11/5/2020, 8.231175853587963
11/6/2020, 0.4966864126699942
11/7/2020, 0.010672289353829844
11/8/2020, 0
11/9/2020, 0
11/10/2020, 0.28202232078269673
11/11/2020, 0.3078062551992911
11/12/2020, 1.0946900544343172
11/13/2020, 5.080370189525463
11/14/2020, 0
11/15/2020, 5.957857711226852
11/16/2020, 24.328548177083334
11/17/2020, 5.379945656105324
11/18/2020, 0.31958912037037035
11/19/2020, 0.11920406200267651
11/20/2020, 0
11/21/2020, 0
11/22/2020, 3.8533207646122687
11/23/2020, 3.5582460756655094
11/24/2020, 0.3971184624565972
11/25/2020, 16.324410445601853
11/26/2020, 16.23576388888889
11/27/2020, 0.26475341231734667
11/28/2020, 0.4199250680428964
11/29/2020, 0
11/30/2020, 0.06846776185212312
12/1/2020, 1.2954522026909723
12/2/2020, 7.342841254340278
12/3/2020, 16.86314923321759
12/4/2020, 13.05331127025463
12/5/2020, 0.4097909998010706
12/6/2020, 0.5996196605541088
12/7/2020, 5.441879611545139
12/8/2020, 0.8382971304434317
12/9/2020, 0
12/10/2020, 0
12/11/2020, 0
12/12/2020, 0
12/13/2020, 0
12/14/2020, 0
12/15/2020, 0
12/16/2020, 1.3495984112774884
12/17/2020, 8.437916847511573
12/18/2020, 0.023215050167507596
12/19/2020, 0.4607066119158709
12/20/2020, 0
12/21/2020, 0
12/22/2020, 0
12/23/2020, 0
12/24/2020, 0.01486467961911802
12/25/2020, 0
12/26/2020, 0
12/27/2020, 0.37722399676287616
12/28/2020, 0
12/29/2020, 0
12/30/2020, 0
12/31/2020, 0
